-- phpMyAdmin SQL Dump
-- version 4.9.1
-- https://www.phpmyadmin.net/
--
-- Máy chủ: 127.0.0.1
-- Thời gian đã tạo: Th12 07, 2019 lúc 05:09 PM
-- Phiên bản máy phục vụ: 10.4.8-MariaDB
-- Phiên bản PHP: 7.3.11

SET SQL_MODE = "NO_AUTO_VALUE_ON_ZERO";
SET AUTOCOMMIT = 0;
START TRANSACTION;
SET time_zone = "+00:00";


/*!40101 SET @OLD_CHARACTER_SET_CLIENT=@@CHARACTER_SET_CLIENT */;
/*!40101 SET @OLD_CHARACTER_SET_RESULTS=@@CHARACTER_SET_RESULTS */;
/*!40101 SET @OLD_COLLATION_CONNECTION=@@COLLATION_CONNECTION */;
/*!40101 SET NAMES utf8mb4 */;

--
-- Cơ sở dữ liệu: `laravel`
--

-- --------------------------------------------------------

--
-- Cấu trúc bảng cho bảng `comment`
--

CREATE TABLE `comment` (
  `id` int(10) UNSIGNED NOT NULL,
  `idUser` int(10) UNSIGNED NOT NULL,
  `idTinTuc` int(10) UNSIGNED NOT NULL,
  `NoiDung` varchar(255) COLLATE utf8_unicode_ci NOT NULL,
  `created_at` timestamp NULL DEFAULT NULL,
  `updated_at` timestamp NULL DEFAULT NULL
) ENGINE=InnoDB DEFAULT CHARSET=utf8 COLLATE=utf8_unicode_ci;

--
-- Đang đổ dữ liệu cho bảng `comment`
--

INSERT INTO `comment` (`id`, `idUser`, `idTinTuc`, `NoiDung`, `created_at`, `updated_at`) VALUES
(57, 1, 1005, 'Hay quá trời', '2016-06-09 10:20:48', NULL),
(58, 1, 1005, 'Bài viết rất hay', '2016-06-09 10:20:48', NULL),
(60, 9, 94, 'Không thích bài viết này', '2016-06-09 10:20:48', NULL),
(61, 9, 22, 'Bài viết này được', '2016-06-09 10:20:48', NULL),
(62, 9, 56, 'Ý kiến của tôi khác so với bài này', '2016-06-09 10:20:48', NULL),
(63, 7, 44, 'Không thích bài viết này', '2016-06-09 10:20:49', NULL),
(64, 3, 10, 'Hay quá trời', '2016-06-09 10:20:49', NULL),
(65, 2, 28, 'Bài viết này tạm ổn', '2016-06-09 10:20:49', NULL),
(66, 10, 18, 'Không thích bài viết này', '2016-06-09 10:20:49', NULL),
(67, 7, 75, 'Hay quá trời', '2016-06-09 10:20:49', NULL),
(68, 4, 50, 'Bài viết rất hay', '2016-06-09 10:20:49', NULL),
(69, 6, 82, 'Bài viết này tạm ổn', '2016-06-09 10:20:49', NULL),
(70, 7, 12, 'Ý kiến của tôi khác so với bài này', '2016-06-09 10:20:49', NULL),
(71, 2, 69, 'Không thích bài viết này', '2016-06-09 10:20:49', NULL),
(72, 10, 68, 'Không thích bài viết này', '2016-06-09 10:20:49', NULL),
(73, 1, 1, 'Tôi chưa có ý kiến gì', '2016-06-09 10:20:49', NULL),
(74, 5, 66, 'Không thích bài viết này', '2016-06-09 10:20:49', NULL),
(75, 6, 16, 'Tôi chưa có ý kiến gì', '2016-06-09 10:20:49', NULL),
(101, 1, 1, 'Được', '2016-06-16 07:25:59', '2016-06-16 07:25:59'),
(103, 1, 403, 'a', '2016-06-18 07:02:59', '2016-06-18 07:02:59'),
(105, 1, 1005, 'hi hi', '2019-12-07 10:30:49', '2019-12-07 10:30:49'),
(106, 1, 1006, 'test', '2019-12-07 10:31:51', '2019-12-07 10:31:51'),
(107, 1, 1006, 'test', '2019-12-07 10:32:29', '2019-12-07 10:32:29'),
(108, 1, 1006, 'Bài viết quá hay, tôi có thể thấy điều đó', '2019-12-07 10:32:44', '2019-12-07 10:32:44');

-- --------------------------------------------------------

--
-- Cấu trúc bảng cho bảng `failed_jobs`
--

CREATE TABLE `failed_jobs` (
  `id` bigint(20) UNSIGNED NOT NULL,
  `connection` text COLLATE utf8mb4_unicode_ci NOT NULL,
  `queue` text COLLATE utf8mb4_unicode_ci NOT NULL,
  `payload` longtext COLLATE utf8mb4_unicode_ci NOT NULL,
  `exception` longtext COLLATE utf8mb4_unicode_ci NOT NULL,
  `failed_at` timestamp NOT NULL DEFAULT current_timestamp()
) ENGINE=InnoDB DEFAULT CHARSET=utf8mb4 COLLATE=utf8mb4_unicode_ci;

-- --------------------------------------------------------

--
-- Cấu trúc bảng cho bảng `loaitin`
--

CREATE TABLE `loaitin` (
  `id` int(10) UNSIGNED NOT NULL,
  `idTheLoai` int(10) UNSIGNED NOT NULL,
  `Ten` varchar(255) COLLATE utf8_unicode_ci NOT NULL,
  `TenKhongDau` varchar(255) COLLATE utf8_unicode_ci NOT NULL,
  `created_at` timestamp NULL DEFAULT NULL,
  `updated_at` timestamp NULL DEFAULT NULL
) ENGINE=InnoDB DEFAULT CHARSET=utf8 COLLATE=utf8_unicode_ci;

--
-- Đang đổ dữ liệu cho bảng `loaitin`
--

INSERT INTO `loaitin` (`id`, `idTheLoai`, `Ten`, `TenKhongDau`, `created_at`, `updated_at`) VALUES
(2, 1, 'Nhịp Điệu Trẻ Con', 'nhip-dieu-tre-con', NULL, '2019-12-04 03:06:57'),
(4, 1, 'Du Học', 'Du-Hoc', NULL, NULL),
(5, 2, 'Cuộc Sống Đó Đây', 'Cuoc-Song-Do-Day', NULL, NULL),
(6, 2, 'Ảnh', 'Anh', NULL, NULL),
(7, 2, 'Người Việt 5 Châu', 'Nguoi-Viet-5-Chau', NULL, NULL),
(8, 2, 'Phân Tích', 'Phan-Tich', NULL, NULL),
(10, 3, 'Bất Động Sản', 'Bat-Dong-San', NULL, NULL),
(11, 3, 'Doanh Nhân', 'Doanh-Nhan', NULL, NULL),
(12, 3, 'Quốc Tế', 'Quoc-Te', NULL, NULL),
(13, 3, 'Mua Sắm', 'Mua-Sam', NULL, NULL),
(14, 3, 'Doanh Nghiệp Viết', 'Doanh-Nghiep-Viet', NULL, NULL),
(15, 4, 'Hoa Hậu', 'Hoa-Hau', NULL, NULL),
(16, 4, 'Nghệ Sỹ', 'Nghe-Sy', NULL, NULL),
(17, 4, 'Âm Nhạc', 'Am-Nhac', NULL, NULL),
(18, 4, 'Thời Trang', 'Thoi-Trang', NULL, NULL),
(19, 4, 'Điện Ảnh', 'Dien-Anh', NULL, NULL),
(20, 4, 'Mỹ Thuật', 'My-Thuat', NULL, NULL),
(21, 5, 'Bóng Đá', 'Bong-Da', NULL, NULL),
(22, 5, 'Tennis', 'Tennis', NULL, NULL),
(23, 5, 'Chân Dung', 'Chan-Dung', NULL, NULL),
(24, 5, 'Ảnh', 'Anh-TT', NULL, NULL),
(25, 6, 'Hình Sự', 'Hinh-Su', NULL, NULL),
(27, 1, 'Sennehi 12', 'Se', '2016-06-11 01:43:27', '2016-06-11 01:43:27'),
(31, 2, 'Thể loại test 1', 'the-loai-test-1', '2019-12-04 03:33:42', '2019-12-04 03:33:42');

-- --------------------------------------------------------

--
-- Cấu trúc bảng cho bảng `migrations`
--

CREATE TABLE `migrations` (
  `migration` varchar(255) COLLATE utf8_unicode_ci NOT NULL,
  `batch` int(11) NOT NULL
) ENGINE=InnoDB DEFAULT CHARSET=utf8 COLLATE=utf8_unicode_ci;

--
-- Đang đổ dữ liệu cho bảng `migrations`
--

INSERT INTO `migrations` (`migration`, `batch`) VALUES
('2014_10_12_000000_create_users_table', 1),
('2014_10_12_100000_create_password_resets_table', 1),
('2016_06_09_021546_Tao_TheLoai', 2),
('2016_06_09_021610_Tao_LoaiTin', 3),
('2016_06_09_021813_Tao_TinTuc', 4),
('2016_06_09_022526_Tao_Slide', 5),
('2016_06_09_022904_Tao_Comment', 6),
('2019_08_19_000000_create_failed_jobs_table', 7);

-- --------------------------------------------------------

--
-- Cấu trúc bảng cho bảng `password_resets`
--

CREATE TABLE `password_resets` (
  `email` varchar(255) COLLATE utf8_unicode_ci NOT NULL,
  `token` varchar(255) COLLATE utf8_unicode_ci NOT NULL,
  `created_at` timestamp NOT NULL DEFAULT current_timestamp() ON UPDATE current_timestamp()
) ENGINE=InnoDB DEFAULT CHARSET=utf8 COLLATE=utf8_unicode_ci;

-- --------------------------------------------------------

--
-- Cấu trúc bảng cho bảng `slide`
--

CREATE TABLE `slide` (
  `id` int(10) UNSIGNED NOT NULL,
  `Ten` varchar(255) COLLATE utf8_unicode_ci NOT NULL,
  `Hinh` varchar(255) COLLATE utf8_unicode_ci NOT NULL,
  `NoiDung` varchar(255) COLLATE utf8_unicode_ci NOT NULL,
  `link` varchar(255) COLLATE utf8_unicode_ci NOT NULL,
  `created_at` timestamp NULL DEFAULT NULL,
  `updated_at` timestamp NULL DEFAULT NULL
) ENGINE=InnoDB DEFAULT CHARSET=utf8 COLLATE=utf8_unicode_ci;

--
-- Đang đổ dữ liệu cho bảng `slide`
--

INSERT INTO `slide` (`id`, `Ten`, `Hinh`, `NoiDung`, `link`, `created_at`, `updated_at`) VALUES
(2, 'Slide 2', '1.jpg', 'Slide 2 Nọi dung', 'abc.com', '2019-12-03 19:00:00', NULL),
(7, 'Test Slide2', '6v4pE8r54i-background.jpeg', 'cxcxzcxzc', 'asdasds', '2019-12-05 07:42:05', '2019-12-05 07:42:05'),
(8, 'Slide 3', '837PDEBKL5-toronto.jpeg', 'Slide 3 Nọi dung', 'abcxzy.com', '2019-12-05 07:56:34', '2019-12-05 08:12:09'),
(9, 'sdasdasd', 'xPghwiKVDS-media2.jpeg', 'dsasdsd', 'dsadasd', '2019-12-05 08:11:54', '2019-12-05 08:11:54'),
(10, 'sdasdasd', 'xPghwiKVDS-media2.jpeg', 'dsasdsd', 'dsadasd', '2019-12-05 08:11:54', '2019-12-05 08:11:54'),
(11, 'sdasdasd', 'xPghwiKVDS-media2.jpeg', 'dsasdsd', 'dsadasd', '2019-12-05 08:11:54', '2019-12-05 08:11:54');

-- --------------------------------------------------------

--
-- Cấu trúc bảng cho bảng `theloai`
--

CREATE TABLE `theloai` (
  `id` int(10) UNSIGNED NOT NULL,
  `Ten` varchar(255) COLLATE utf8_unicode_ci NOT NULL,
  `TenKhongDau` varchar(255) COLLATE utf8_unicode_ci NOT NULL,
  `created_at` timestamp NULL DEFAULT NULL,
  `updated_at` timestamp NULL DEFAULT NULL
) ENGINE=InnoDB DEFAULT CHARSET=utf8 COLLATE=utf8_unicode_ci;

--
-- Đang đổ dữ liệu cho bảng `theloai`
--

INSERT INTO `theloai` (`id`, `Ten`, `TenKhongDau`, `created_at`, `updated_at`) VALUES
(1, 'Xã Hội', 'xa-hoi', NULL, '2019-12-04 03:34:15'),
(2, 'Thế Giới', 'The-Gioi', NULL, NULL),
(3, 'Kinh Doanh', 'Kinh-Doanh', NULL, NULL),
(4, 'Văn Hoá', 'Van-Hoa', NULL, NULL),
(5, 'Thể Thao', 'The-Thao', NULL, NULL),
(6, 'Pháp Luật đại cương', 'phap-luat-dai-cuong', NULL, '2019-12-04 02:38:17'),
(15, 'ABC', 'abc', '2019-12-04 03:32:01', '2019-12-04 03:32:01');

-- --------------------------------------------------------

--
-- Cấu trúc bảng cho bảng `tintuc`
--

CREATE TABLE `tintuc` (
  `id` int(10) UNSIGNED NOT NULL,
  `TieuDe` varchar(255) COLLATE utf8_unicode_ci NOT NULL,
  `TieuDeKhongDau` varchar(255) COLLATE utf8_unicode_ci NOT NULL,
  `TomTat` text COLLATE utf8_unicode_ci NOT NULL,
  `NoiDung` longtext COLLATE utf8_unicode_ci NOT NULL,
  `Hinh` varchar(255) COLLATE utf8_unicode_ci NOT NULL,
  `NoiBat` int(11) NOT NULL DEFAULT 0,
  `SoLuotXem` int(11) NOT NULL DEFAULT 0,
  `idLoaiTin` int(10) UNSIGNED NOT NULL,
  `created_at` timestamp NULL DEFAULT NULL,
  `updated_at` timestamp NULL DEFAULT NULL
) ENGINE=InnoDB DEFAULT CHARSET=utf8 COLLATE=utf8_unicode_ci;

--
-- Đang đổ dữ liệu cho bảng `tintuc`
--

INSERT INTO `tintuc` (`id`, `TieuDe`, `TieuDeKhongDau`, `TomTat`, `NoiDung`, `Hinh`, `NoiBat`, `SoLuotXem`, `idLoaiTin`, `created_at`, `updated_at`) VALUES
(1005, 'Nghệ sĩ Việt Nam', 'nghe-si-viet-nam', '<p>Danh sách Nghệ sĩ ưu tú (Việt Nam)</p>', '<h2>Đợt 1 - 1984: 59 nghệ sĩ<span style=\"font-family:sans-serif; font-size:small\"><span style=\"color:rgb(84, 89, 93)\">[</span><a class=\"mw-editsection-visualeditor\" href=\"https://vi.wikipedia.org/w/index.php?title=Danh_s%C3%A1ch_Ngh%E1%BB%87_s%C4%A9_%C6%B0u_t%C3%BA_(Vi%E1%BB%87t_Nam)&amp;veaction=edit&amp;section=1\" style=\"text-decoration-line: none; color: rgb(11, 0, 128); background: none;\" title=\"Sửa đổi phần “Đợt 1 - 1984: 59 nghệ sĩ”\">sửa</a><span style=\"color:rgb(84, 89, 93)\">&nbsp;|&nbsp;</span><a href=\"https://vi.wikipedia.org/w/index.php?title=Danh_s%C3%A1ch_Ngh%E1%BB%87_s%C4%A9_%C6%B0u_t%C3%BA_(Vi%E1%BB%87t_Nam)&amp;action=edit&amp;section=1\" style=\"text-decoration-line: none; color: rgb(11, 0, 128); background: none;\" title=\"Sửa đổi phần “Đợt 1 - 1984: 59 nghệ sĩ”\">sửa mã nguồn</a><span style=\"color:rgb(84, 89, 93)\">]</span></span></h2>\r\n\r\n<p>Theo quyết định số 44/CT ngày 25-1-1984 của Chủ tịch Hội đồng Bộ trưởng:</p>\r\n\r\n<table class=\"wikitable\" style=\"background-color:rgb(248, 249, 250); border-collapse:collapse; border:1px solid rgb(162, 169, 177); color:rgb(34, 34, 34); font-family:sans-serif; font-size:14px; margin:1em 0px\">\r\n	<tbody>\r\n		<tr>\r\n			<td><strong>TT</strong></td>\r\n			<td><strong>Họ và Tên</strong></td>\r\n			<td><strong>Nghệ danh</strong></td>\r\n			<td><strong>Chức danh khi được phong tặng</strong></td>\r\n		</tr>\r\n		<tr>\r\n			<td>1</td>\r\n			<td><strong>Nguyễn Thế Anh</strong></td>\r\n			<td><a href=\"https://vi.wikipedia.org/wiki/Th%E1%BA%BF_Anh\" style=\"text-decoration-line: none; color: rgb(11, 0, 128); background: none;\" title=\"Thế Anh\">Thế Anh</a></td>\r\n			<td>Nghệ sĩ Kịch nói</td>\r\n		</tr>\r\n		<tr>\r\n			<td>2</td>\r\n			<td>Nguyễn Thị Ba</td>\r\n			<td>Thanh Loan</td>\r\n			<td>Nghệ sĩ Cải lương</td>\r\n		</tr>\r\n		<tr>\r\n			<td>3</td>\r\n			<td>Nguyễn Ngọc Bạch</td>\r\n			<td>&nbsp;</td>\r\n			<td>Đạo diễn Kịch nói và Cải lương</td>\r\n		</tr>\r\n		<tr>\r\n			<td>4</td>\r\n			<td>Trương Đình Bôi</td>\r\n			<td>&nbsp;</td>\r\n			<td>Nghệ sĩ Tuồng</td>\r\n		</tr>\r\n		<tr>\r\n			<td>5</td>\r\n			<td>Thành Ngọc Căn</td>\r\n			<td>&nbsp;</td>\r\n			<td>Đạo diễn Kịch nói</td>\r\n		</tr>\r\n		<tr>\r\n			<td>6</td>\r\n			<td>Trần Văn Châu</td>\r\n			<td>Chín Châu</td>\r\n			<td>Đạo diễn Cải lương</td>\r\n		</tr>\r\n		<tr>\r\n			<td>7</td>\r\n			<td>Phạm Thùy Chi</td>\r\n			<td>&nbsp;</td>\r\n			<td>Nghệ sĩ Kịch nói</td>\r\n		</tr>\r\n		<tr>\r\n			<td>8</td>\r\n			<td>Nguyễn Xuân Đàm</td>\r\n			<td>Xuân Đàm</td>\r\n			<td>Đạo diễn Kịch nói</td>\r\n		</tr>\r\n		<tr>\r\n			<td>9</td>\r\n			<td>Đinh Đàn</td>\r\n			<td>Định Quả</td>\r\n			<td>Nghệ sĩ Tuồng</td>\r\n		</tr>\r\n		<tr>\r\n			<td>10</td>\r\n			<td>Bùi Trọng Đang</td>\r\n			<td>&nbsp;</td>\r\n			<td>Nghệ sĩ Chèo</td>\r\n		</tr>\r\n		<tr>\r\n			<td>11</td>\r\n			<td>Hoàng Mộng Điệp</td>\r\n			<td>&nbsp;</td>\r\n			<td>Nghệ sĩ dân ca Kịch</td>\r\n		</tr>\r\n		<tr>\r\n			<td>12</td>\r\n			<td>Hoàng Thị Bạch Điểu</td>\r\n			<td>Trúc Quỳnh</td>\r\n			<td>Nghệ sĩ Kịch nói</td>\r\n		</tr>\r\n		<tr>\r\n			<td>13</td>\r\n			<td>Vũ Ngọc Dư</td>\r\n			<td>&nbsp;</td>\r\n			<td>Đạo diễn Cải lương</td>\r\n		</tr>\r\n		<tr>\r\n			<td>14</td>\r\n			<td>Trương Thị Minh Đức</td>\r\n			<td>&nbsp;</td>\r\n			<td>Nghệ sĩ Tuồng</td>\r\n		</tr>\r\n		<tr>\r\n			<td>15</td>\r\n			<td><strong>Nguyễn Anh Dũng</strong></td>\r\n			<td>Đoàn Dũng</td>\r\n			<td>Nghệ sĩ Kịch nói</td>\r\n		</tr>\r\n		<tr>\r\n			<td>16</td>\r\n			<td>Trần Ngọc Hạnh</td>\r\n			<td>&nbsp;</td>\r\n			<td>Nghệ sĩ Kịch nói</td>\r\n		</tr>\r\n		<tr>\r\n			<td>17</td>\r\n			<td>Nguyễn Thị Thúy Hiền</td>\r\n			<td>&nbsp;</td>\r\n			<td>Nghệ sĩ Chèo</td>\r\n		</tr>\r\n		<tr>\r\n			<td>18</td>\r\n			<td>Võ Thị Ngọc Hoa</td>\r\n			<td>&nbsp;</td>\r\n			<td>Nghệ sĩ Cải lương</td>\r\n		</tr>\r\n		<tr>\r\n			<td>19</td>\r\n			<td>Vũ Thị Minh Huệ</td>\r\n			<td>&nbsp;</td>\r\n			<td>Nghệ sĩ Chèo</td>\r\n		</tr>\r\n		<tr>\r\n			<td>20</td>\r\n			<td>Nguyễn Sĩ Hùng</td>\r\n			<td>&nbsp;</td>\r\n			<td>Nghệ sĩ Cải lương</td>\r\n		</tr>\r\n		<tr>\r\n			<td>21</td>\r\n			<td>Văn Phước Khôi</td>\r\n			<td>Mười Sơn</td>\r\n			<td>Nghệ sĩ Tuồng</td>\r\n		</tr>\r\n		<tr>\r\n			<td>22</td>\r\n			<td>Nguyễn Kiểm</td>\r\n			<td>&nbsp;</td>\r\n			<td>Nghệ sĩ dân ca Kịch</td>\r\n		</tr>\r\n		<tr>\r\n			<td>23</td>\r\n			<td>Ông Xín Lái</td>\r\n			<td>Ông Tú Lê</td>\r\n			<td>Nghệ sĩ Kịch nói</td>\r\n		</tr>\r\n		<tr>\r\n			<td>24</td>\r\n			<td>Lê Thị Ái Liên</td>\r\n			<td><a href=\"https://vi.wikipedia.org/wiki/%C3%81i_Li%C3%AAn\" style=\"text-decoration-line: none; color: rgb(11, 0, 128); background: none;\" title=\"Ái Liên\">Ái Liên</a></td>\r\n			<td>Nghệ sĩ Cải lương</td>\r\n		</tr>\r\n		<tr>\r\n			<td>25</td>\r\n			<td><strong>Đàm Thị Liên</strong></td>\r\n			<td><a href=\"https://vi.wikipedia.org/wiki/%C4%90%C3%A0m_Li%C3%AAn\" style=\"text-decoration-line: none; color: rgb(11, 0, 128); background: none;\" title=\"Đàm Liên\">Đàm Liên</a></td>\r\n			<td>Nghệ sĩ Tuồng</td>\r\n		</tr>\r\n		<tr>\r\n			<td>26</td>\r\n			<td>Hoàng Mạnh Linh</td>\r\n			<td>&nbsp;</td>\r\n			<td>Nghệ sĩ Kịch nói</td>\r\n		</tr>\r\n		<tr>\r\n			<td>27</td>\r\n			<td>Phạm Thị Diễm Lộc</td>\r\n			<td>&nbsp;</td>\r\n			<td>Nghệ sĩ Chèo</td>\r\n		</tr>\r\n		<tr>\r\n			<td>28</td>\r\n			<td>Ngô Mạn</td>\r\n			<td>&nbsp;</td>\r\n			<td>Đạo diễn Tuồng</td>\r\n		</tr>\r\n		<tr>\r\n			<td>29</td>\r\n			<td><strong>Nguyễn Thị Nga</strong></td>\r\n			<td><a href=\"https://vi.wikipedia.org/wiki/Thanh_Nga\" style=\"text-decoration-line: none; color: rgb(11, 0, 128); background: none;\" title=\"Thanh Nga\">Thanh Nga</a></td>\r\n			<td>Nghệ sĩ Cải lương</td>\r\n		</tr>\r\n		<tr>\r\n			<td>30</td>\r\n			<td>Vũ Thị Quỳnh Nga</td>\r\n			<td>&nbsp;</td>\r\n			<td>Nghệ sĩ Cải lương</td>\r\n		</tr>\r\n		<tr>\r\n			<td>31</td>\r\n			<td>Hoàng Thúy Nga</td>\r\n			<td>&nbsp;</td>\r\n			<td>Đạo diễn Kịch nói</td>\r\n		</tr>\r\n		<tr>\r\n			<td>32</td>\r\n			<td>Nguyễn Đình Nghi</td>\r\n			<td>&nbsp;</td>\r\n			<td>Đạo diễn kịch nói</td>\r\n		</tr>\r\n		<tr>\r\n			<td>33</td>\r\n			<td>Trần Tuấn Nhật</td>\r\n			<td>&nbsp;</td>\r\n			<td>Nghệ sĩ Xiếc</td>\r\n		</tr>\r\n		<tr>\r\n			<td>34</td>\r\n			<td>Lưu Phúc</td>\r\n			<td>&nbsp;</td>\r\n			<td>Nghệ sĩ Xiếc</td>\r\n		</tr>\r\n		<tr>\r\n			<td>35</td>\r\n			<td>Nguyễn Công Phước</td>\r\n			<td>Thanh Hùng</td>\r\n			<td>Nghệ sĩ Cải lương</td>\r\n		</tr>\r\n		<tr>\r\n			<td>36</td>\r\n			<td>Nguyễn Ngọc Phương</td>\r\n			<td>&nbsp;</td>\r\n			<td>Đạo diễn Tuồng</td>\r\n		</tr>\r\n		<tr>\r\n			<td>37</td>\r\n			<td>Vũ Trường Sơn</td>\r\n			<td>&nbsp;</td>\r\n			<td>Nghệ sĩ Kịch nói</td>\r\n		</tr>\r\n		<tr>\r\n			<td>38</td>\r\n			<td>Nguyễn Thị Thu Song</td>\r\n			<td>&nbsp;</td>\r\n			<td>Nghệ sĩ dân ca Kịch</td>\r\n		</tr>\r\n		<tr>\r\n			<td>39</td>\r\n			<td>Trần Đình Sửu</td>\r\n			<td>Tuấn Sửu</td>\r\n			<td>Đạo diến Cải lương</td>\r\n		</tr>\r\n		<tr>\r\n			<td>40</td>\r\n			<td>Nguyễn Văn Tám</td>\r\n			<td>Triệu An</td>\r\n			<td>Nghệ sĩ Cải lương</td>\r\n		</tr>\r\n		<tr>\r\n			<td>41</td>\r\n			<td>Lệ Thanh</td>\r\n			<td>&nbsp;</td>\r\n			<td>Nghệ sĩ Kịch nói</td>\r\n		</tr>\r\n		<tr>\r\n			<td>42</td>\r\n			<td>Trần Lệ Thanh</td>\r\n			<td>&nbsp;</td>\r\n			<td>Nghệ sĩ Cải lương</td>\r\n		</tr>\r\n		<tr>\r\n			<td>43</td>\r\n			<td>Cao Thị Song Thao</td>\r\n			<td>&nbsp;</td>\r\n			<td>Nghệ sĩ dân ca Kịch</td>\r\n		</tr>\r\n		<tr>\r\n			<td>44</td>\r\n			<td>Nguỹen Xuân Thíu</td>\r\n			<td>Thức</td>\r\n			<td>Nghệ sĩ Kịch nói</td>\r\n		</tr>\r\n		<tr>\r\n			<td>45</td>\r\n			<td>Lê Tiến Thọ</td>\r\n			<td>Tiến Thọ</td>\r\n			<td>Nghệ sĩ Tuồng</td>\r\n		</tr>\r\n		<tr>\r\n			<td>46</td>\r\n			<td>Mẫn Thị Thu</td>\r\n			<td>Mẫu Thu</td>\r\n			<td>Nghệ sĩ Tuồng</td>\r\n		</tr>\r\n		<tr>\r\n			<td>47</td>\r\n			<td>Võ Sĩ Thừa</td>\r\n			<td>Võ Thừa</td>\r\n			<td>Nghệ sĩ Tuồng</td>\r\n		</tr>\r\n		<tr>\r\n			<td>48</td>\r\n			<td>Chu Văn Thức</td>\r\n			<td>&nbsp;</td>\r\n			<td>Nghệ sĩ Chèo</td>\r\n		</tr>\r\n		<tr>\r\n			<td>49</td>\r\n			<td>Trần Tiến</td>\r\n			<td>&nbsp;</td>\r\n			<td>Nghệ sĩ Kịch nói</td>\r\n		</tr>\r\n		<tr>\r\n			<td>50</td>\r\n			<td>Nguyễn Quang Tốn</td>\r\n			<td>&nbsp;</td>\r\n			<td>Nghệ sĩ Tuồng</td>\r\n		</tr>\r\n		<tr>\r\n			<td>51</td>\r\n			<td>Bùi Thị Thanh Trầm</td>\r\n			<td>&nbsp;</td>\r\n			<td>Nghệ sĩ Chèo</td>\r\n		</tr>\r\n		<tr>\r\n			<td>52</td>\r\n			<td>Nguyễn Mạnh Tuấn</td>\r\n			<td>&nbsp;</td>\r\n			<td>Nghệ sĩ Chèo</td>\r\n		</tr>\r\n		<tr>\r\n			<td>53</td>\r\n			<td>Nguyễn Mạnh Tường</td>\r\n			<td>&nbsp;</td>\r\n			<td>Nghệ sĩ Chèo</td>\r\n		</tr>\r\n		<tr>\r\n			<td>54</td>\r\n			<td>Nguyễn Đình Tưởng</td>\r\n			<td>Mạnh Tướng</td>\r\n			<td>Nghệ sĩ Cải lương</td>\r\n		</tr>\r\n		<tr>\r\n			<td>55</td>\r\n			<td>Kiều Bạch Tuyết</td>\r\n			<td>&nbsp;</td>\r\n			<td>Nghệ sĩ Chèo</td>\r\n		</tr>\r\n		<tr>\r\n			<td>56</td>\r\n			<td>Đoàn Khắc Tý</td>\r\n			<td>&nbsp;</td>\r\n			<td>Nghệ sĩ Cải lương</td>\r\n		</tr>\r\n		<tr>\r\n			<td>57</td>\r\n			<td>Nguyễn Phi Vân</td>\r\n			<td>Bảy Vân</td>\r\n			<td>Nghệ sĩ Cải lương</td>\r\n		</tr>\r\n		<tr>\r\n			<td>58</td>\r\n			<td><strong>Trần Thị Thanh Vy</strong></td>\r\n			<td><a href=\"https://vi.wikipedia.org/wiki/Thanh_Vy\" style=\"text-decoration-line: none; color: rgb(11, 0, 128); background: none;\" title=\"Thanh Vy\">Thanh Vy</a></td>\r\n			<td>Nghệ sĩ Cải lương</td>\r\n		</tr>\r\n		<tr>\r\n			<td>59</td>\r\n			<td>Nguyễn Kim Xuân</td>\r\n			<td>&nbsp;</td>\r\n			<td>Nghệ sĩ Cải lương</td>\r\n		</tr>\r\n	</tbody>\r\n</table>\r\n\r\n<h2>Đợt 2 - 1988: 51 nghệ sĩ<span style=\"font-family:sans-serif; font-size:small\"><span style=\"color:rgb(84, 89, 93)\">[</span><a class=\"mw-editsection-visualeditor\" href=\"https://vi.wikipedia.org/w/index.php?title=Danh_s%C3%A1ch_Ngh%E1%BB%87_s%C4%A9_%C6%B0u_t%C3%BA_(Vi%E1%BB%87t_Nam)&amp;veaction=edit&amp;section=2\" style=\"text-decoration-line: none; color: rgb(11, 0, 128); background: none;\" title=\"Sửa đổi phần “Đợt 2 - 1988: 51 nghệ sĩ”\">sửa</a><span style=\"color:rgb(84, 89, 93)\">&nbsp;|&nbsp;</span><a href=\"https://vi.wikipedia.org/w/index.php?title=Danh_s%C3%A1ch_Ngh%E1%BB%87_s%C4%A9_%C6%B0u_t%C3%BA_(Vi%E1%BB%87t_Nam)&amp;action=edit&amp;section=2\" style=\"text-decoration-line: none; color: rgb(11, 0, 128); background: none;\" title=\"Sửa đổi phần “Đợt 2 - 1988: 51 nghệ sĩ”\">sửa mã nguồn</a><span style=\"color:rgb(84, 89, 93)\">]</span></span></h2>\r\n\r\n<p>Theo quyết định số 172KT/HÐNN ngày 11-11-1988 của Hội đồng Nhà nước:</p>\r\n\r\n<table class=\"wikitable\" style=\"background-color:rgb(248, 249, 250); border-collapse:collapse; border:1px solid rgb(162, 169, 177); color:rgb(34, 34, 34); font-family:sans-serif; font-size:14px; margin:1em 0px\">\r\n	<tbody>\r\n		<tr>\r\n			<td><strong>STT</strong></td>\r\n			<td><strong>Họ và Tên</strong></td>\r\n			<td><strong>Nghệ danh</strong></td>\r\n			<td><strong>Chức danh khi được phong tặng</strong></td>\r\n		</tr>\r\n		<tr>\r\n			<td>1</td>\r\n			<td>Nguyễn Thanh An</td>\r\n			<td>Thanh An</td>\r\n			<td>Nghệ sĩ Cải lương</td>\r\n		</tr>\r\n		<tr>\r\n			<td>2</td>\r\n			<td>Hoàng Văn Anh</td>\r\n			<td>Hoàng Anh</td>\r\n			<td>Nghệ sĩ Cải lương</td>\r\n		</tr>\r\n		<tr>\r\n			<td>3</td>\r\n			<td>Vũ Nguyệt Ánh</td>\r\n			<td>&nbsp;</td>\r\n			<td>Nghệ sĩ Kịch nói</td>\r\n		</tr>\r\n		<tr>\r\n			<td>4</td>\r\n			<td><strong>Đoàn Bá</strong></td>\r\n			<td>&nbsp;</td>\r\n			<td>Đạo diễn Kịch nói</td>\r\n		</tr>\r\n		<tr>\r\n			<td>5</td>\r\n			<td>Nguyễn Thị Bích Châu</td>\r\n			<td>&nbsp;</td>\r\n			<td>Nghệ sĩ Kịch nói</td>\r\n		</tr>\r\n		<tr>\r\n			<td>6</td>\r\n			<td>Nguyễn Thị Tâm Chính</td>\r\n			<td>&nbsp;</td>\r\n			<td>Nghệ sĩ Xiếc</td>\r\n		</tr>\r\n		<tr>\r\n			<td>7</td>\r\n			<td>Đào Thị Có</td>\r\n			<td>Kim Cúc</td>\r\n			<td>Nghệ sĩ Kịch nói</td>\r\n		</tr>\r\n		<tr>\r\n			<td>8</td>\r\n			<td><strong>Nguyễn Thị Kim Cúc</strong></td>\r\n			<td>&nbsp;</td>\r\n			<td>Nghệ sĩ Tuồng</td>\r\n		</tr>\r\n		<tr>\r\n			<td>9</td>\r\n			<td><strong>Nguyễn Thị Kim Cương</strong></td>\r\n			<td><a href=\"https://vi.wikipedia.org/wiki/Kim_C%C6%B0%C6%A1ng_(ngh%E1%BB%87_s%C4%A9)\" style=\"text-decoration-line: none; color: rgb(11, 0, 128); background: none;\" title=\"Kim Cương (nghệ sĩ)\">Kim Cương</a></td>\r\n			<td>Nghệ sĩ Kịch nói</td>\r\n		</tr>\r\n		<tr>\r\n			<td>10</td>\r\n			<td>Phạm Anh Đệ</td>\r\n			<td>&nbsp;</td>\r\n			<td>Nghệ sĩ Cải lương</td>\r\n		</tr>\r\n		<tr>\r\n			<td>11</td>\r\n			<td>Trần Mỹ Dung</td>\r\n			<td>&nbsp;</td>\r\n			<td>Nghệ sĩ Kịch nói</td>\r\n		</tr>\r\n		<tr>\r\n			<td>12</td>\r\n			<td><strong><a href=\"https://vi.wikipedia.org/wiki/Do%C3%A3n_Ho%C3%A0ng_Giang\" style=\"text-decoration-line: none; color: rgb(11, 0, 128); background: none;\" title=\"Doãn Hoàng Giang\">Doãn Hoàng Giang</a></strong></td>\r\n			<td>&nbsp;</td>\r\n			<td>Đạo diễn Kịch nói</td>\r\n		</tr>\r\n		<tr>\r\n			<td>13</td>\r\n			<td><strong>Phong Thị Ngọc Giàu</strong></td>\r\n			<td><a href=\"https://vi.wikipedia.org/wiki/Ng%E1%BB%8Dc_Gi%C3%A0u\" style=\"text-decoration-line: none; color: rgb(11, 0, 128); background: none;\" title=\"Ngọc Giàu\">Ngọc Giàu</a></td>\r\n			<td>Nghệ sĩ Cải lương</td>\r\n		</tr>\r\n		<tr>\r\n			<td>14</td>\r\n			<td>Trần Thu Hà</td>\r\n			<td>&nbsp;</td>\r\n			<td>Nghệ sĩ Kịch nói</td>\r\n		</tr>\r\n		<tr>\r\n			<td>15</td>\r\n			<td>Hoàng Hữu Hạnh</td>\r\n			<td>&nbsp;</td>\r\n			<td>Nghệ sĩ Kịch nói</td>\r\n		</tr>\r\n		<tr>\r\n			<td>16</td>\r\n			<td>Phan Hồ</td>\r\n			<td>&nbsp;</td>\r\n			<td>Nghệ nhân Chèo</td>\r\n		</tr>\r\n		<tr>\r\n			<td>17</td>\r\n			<td>Đoàn Thị Khánh Hợi</td>\r\n			<td>&nbsp;</td>\r\n			<td>Nghệ sĩ Cải lương</td>\r\n		</tr>\r\n		<tr>\r\n			<td>18</td>\r\n			<td><strong>Nguyễn Thị Thanh Hương</strong></td>\r\n			<td><a href=\"https://vi.wikipedia.org/wiki/Thanh_H%C6%B0%C6%A1ng_(ngh%E1%BB%87_s%C4%A9)\" style=\"text-decoration-line: none; color: rgb(11, 0, 128); background: none;\" title=\"Thanh Hương (nghệ sĩ)\">Thanh Hương</a></td>\r\n			<td>Nghệ sĩ Cải lương</td>\r\n		</tr>\r\n		<tr>\r\n			<td>19</td>\r\n			<td>Nguyễn Trọng Khôi</td>\r\n			<td><a href=\"https://vi.wikipedia.org/wiki/Tr%E1%BB%8Dng_Kh%C3%B4i\" style=\"text-decoration-line: none; color: rgb(11, 0, 128); background: none;\" title=\"Trọng Khôi\">Trọng Khôi</a></td>\r\n			<td>Nghệ sĩ Kịch nói</td>\r\n		</tr>\r\n		<tr>\r\n			<td>20</td>\r\n			<td>Đoàn Văn Kỷ</td>\r\n			<td>Châu Ký</td>\r\n			<td>Nghệ sĩ Tuồng</td>\r\n		</tr>\r\n		<tr>\r\n			<td>21</td>\r\n			<td>Nguyễn Thị Mai Lan</td>\r\n			<td>&nbsp;</td>\r\n			<td>Nghệ sĩ Tuồng</td>\r\n		</tr>\r\n		<tr>\r\n			<td>22</td>\r\n			<td>Hoàng Thị Lan</td>\r\n			<td>Hoàng Lan</td>\r\n			<td>Nghệ sĩ Chèo</td>\r\n		</tr>\r\n		<tr>\r\n			<td>23</td>\r\n			<td><strong>Lưu Chi Lăng</strong></td>\r\n			<td>&nbsp;</td>\r\n			<td>Nghệ sĩ Cải lương</td>\r\n		</tr>\r\n		<tr>\r\n			<td>24</td>\r\n			<td>Nguyễn Thị Kim Liên</td>\r\n			<td>&nbsp;</td>\r\n			<td>Nghệ sĩ Chèo</td>\r\n		</tr>\r\n		<tr>\r\n			<td>25</td>\r\n			<td>Đặng Hòa Lợi</td>\r\n			<td>&nbsp;</td>\r\n			<td>Nghệ sĩ múa rối</td>\r\n		</tr>\r\n		<tr>\r\n			<td>26</td>\r\n			<td>Nguyễn Thị Minh Lý</td>\r\n			<td>Minh Lý</td>\r\n			<td>Nghệ nhân Chèo</td>\r\n		</tr>\r\n		<tr>\r\n			<td>27</td>\r\n			<td>Vũ Minh</td>\r\n			<td>&nbsp;</td>\r\n			<td>Đạo diễn Kịch nói</td>\r\n		</tr>\r\n		<tr>\r\n			<td>28</td>\r\n			<td><strong>Lê Thị Nam</strong></td>\r\n			<td><a href=\"https://vi.wikipedia.org/wiki/B%E1%BA%A3y_Nam\" style=\"text-decoration-line: none; color: rgb(11, 0, 128); background: none;\" title=\"Bảy Nam\">Bảy Nam</a></td>\r\n			<td>Nghệ sĩ Kịch nói</td>\r\n		</tr>\r\n		<tr>\r\n			<td>29</td>\r\n			<td>Lưu Thị Phi Nga</td>\r\n			<td>&nbsp;</td>\r\n			<td>Nghệ sĩ Cải lương</td>\r\n		</tr>\r\n		<tr>\r\n			<td>30</td>\r\n			<td>Tạ Thúy Ngọc</td>\r\n			<td>&nbsp;</td>\r\n			<td>Nghệ sĩ xiếc thú</td>\r\n		</tr>\r\n		<tr>\r\n			<td>31</td>\r\n			<td>Nguyễn Minh Ngọc</td>\r\n			<td>&nbsp;</td>\r\n			<td>Nghệ sĩ Tuồng</td>\r\n		</tr>\r\n		<tr>\r\n			<td>32</td>\r\n			<td>Nguyễn Vĩnh Phô</td>\r\n			<td>&nbsp;</td>\r\n			<td>Nghệ sĩ Tuồng</td>\r\n		</tr>\r\n		<tr>\r\n			<td>33</td>\r\n			<td>Trần Hưng Quang</td>\r\n			<td>&nbsp;</td>\r\n			<td>Đạo diễn Tuồng</td>\r\n		</tr>\r\n		<tr>\r\n			<td>34</td>\r\n			<td>Phan Tất Quang</td>\r\n			<td>&nbsp;</td>\r\n			<td>Nghệ sĩ Chèo</td>\r\n		</tr>\r\n		<tr>\r\n			<td>35</td>\r\n			<td>Hồ Thị Kim Quý</td>\r\n			<td>&nbsp;</td>\r\n			<td>Nghệ sĩ Kịch nói</td>\r\n		</tr>\r\n		<tr>\r\n			<td>36</td>\r\n			<td>Đinh Thái Sơn</td>\r\n			<td>&nbsp;</td>\r\n			<td>Nghệ sĩ ca kịch bài chòi</td>\r\n		</tr>\r\n		<tr>\r\n			<td>37</td>\r\n			<td>Trần Thị Tuyết Sơn</td>\r\n			<td>&nbsp;</td>\r\n			<td>Nghệ sĩ Cải lương</td>\r\n		</tr>\r\n		<tr>\r\n			<td>38</td>\r\n			<td><strong>Huỳnh Văn Thạch</strong></td>\r\n			<td>Huỳnh Nga</td>\r\n			<td>Đạo diễn</td>\r\n		</tr>\r\n		<tr>\r\n			<td>39</td>\r\n			<td>Đoàn Anh Thắng</td>\r\n			<td>&nbsp;</td>\r\n			<td>Đạo diễn</td>\r\n		</tr>\r\n		<tr>\r\n			<td>40</td>\r\n			<td>Phạm Thị Tiên Thành</td>\r\n			<td>Phạm Thị Thành</td>\r\n			<td>Đạo diễn Kịch nói</td>\r\n		</tr>\r\n		<tr>\r\n			<td>41</td>\r\n			<td>Trần Công Thành</td>\r\n			<td>&nbsp;</td>\r\n			<td>Nghệ sĩ Cải lương</td>\r\n		</tr>\r\n		<tr>\r\n			<td>42</td>\r\n			<td>Nguyễn Đình Thành</td>\r\n			<td>Văn Thành</td>\r\n			<td>Nghệ sĩ Kịch nói</td>\r\n		</tr>\r\n		<tr>\r\n			<td>43</td>\r\n			<td>Đặng Thị Xuân Theo</td>\r\n			<td>&nbsp;</td>\r\n			<td>Nghệ sĩ Chèo</td>\r\n		</tr>\r\n		<tr>\r\n			<td>44</td>\r\n			<td>Lê Xuân Thiềng</td>\r\n			<td>Ba Thiềng</td>\r\n			<td>Nghệ sĩ Cải lương</td>\r\n		</tr>\r\n		<tr>\r\n			<td>45</td>\r\n			<td>Nguyễn Ngọc Thủy</td>\r\n			<td>&nbsp;</td>\r\n			<td>Nghệ sĩ Kịch nói</td>\r\n		</tr>\r\n		<tr>\r\n			<td>46</td>\r\n			<td>Phạm Minh Trâm</td>\r\n			<td>&nbsp;</td>\r\n			<td>Nghệ sĩ Kịch nói</td>\r\n		</tr>\r\n		<tr>\r\n			<td>47</td>\r\n			<td>Trần Ngọc Tư</td>\r\n			<td>Tư Bửu</td>\r\n			<td>Nghệ sĩ Tuồng</td>\r\n		</tr>\r\n		<tr>\r\n			<td>48</td>\r\n			<td><strong>Nguyễn Thị Bạch Tuyết</strong></td>\r\n			<td><a href=\"https://vi.wikipedia.org/wiki/B%E1%BA%A1ch_Tuy%E1%BA%BFt_(ngh%E1%BB%87_s%C4%A9_c%E1%BA%A3i_l%C6%B0%C6%A1ng)\" style=\"text-decoration-line: none; color: rgb(11, 0, 128); background: none;\" title=\"Bạch Tuyết (nghệ sĩ cải lương)\">Bạch Tuyết</a></td>\r\n			<td>Nghệ sĩ Cải lương</td>\r\n		</tr>\r\n		<tr>\r\n			<td>49</td>\r\n			<td>Phạm Ty</td>\r\n			<td>&nbsp;</td>\r\n			<td>Nghệ sĩ Cải lương</td>\r\n		</tr>\r\n		<tr>\r\n			<td>50</td>\r\n			<td><strong>Nguyễn Thành Út</strong></td>\r\n			<td><a href=\"https://vi.wikipedia.org/wiki/%C3%9At_Tr%C3%A0_%C3%94n\" style=\"text-decoration-line: none; color: rgb(11, 0, 128); background: none;\" title=\"Út Trà Ôn\">Út Trà Ôn</a></td>\r\n			<td>Nghệ sĩ Cải lương</td>\r\n		</tr>\r\n		<tr>\r\n			<td>51</td>\r\n			<td>Nguyễn Thị Thanh Vân</td>\r\n			<td>&nbsp;</td>\r\n			<td>Nghệ sĩ Chèo</td>\r\n		</tr>\r\n	</tbody>\r\n</table>\r\n\r\n<h2>Đợt 3 - 1993: 205 nghệ sĩ<span style=\"font-family:sans-serif; font-size:small\"><span style=\"color:rgb(84, 89, 93)\">[</span><a class=\"mw-editsection-visualeditor\" href=\"https://vi.wikipedia.org/w/index.php?title=Danh_s%C3%A1ch_Ngh%E1%BB%87_s%C4%A9_%C6%B0u_t%C3%BA_(Vi%E1%BB%87t_Nam)&amp;veaction=edit&amp;section=3\" style=\"text-decoration-line: none; color: rgb(11, 0, 128); background: none;\" title=\"Sửa đổi phần “Đợt 3 - 1993: 205 nghệ sĩ”\">sửa</a><span style=\"color:rgb(84, 89, 93)\">&nbsp;|&nbsp;</span><a href=\"https://vi.wikipedia.org/w/index.php?title=Danh_s%C3%A1ch_Ngh%E1%BB%87_s%C4%A9_%C6%B0u_t%C3%BA_(Vi%E1%BB%87t_Nam)&amp;action=edit&amp;section=3\" style=\"text-decoration-line: none; color: rgb(11, 0, 128); background: none;\" title=\"Sửa đổi phần “Đợt 3 - 1993: 205 nghệ sĩ”\">sửa mã nguồn</a><span style=\"color:rgb(84, 89, 93)\">]</span></span></h2>\r\n\r\n<p>Theo quyết định số 64/KT-CTN ngày 14-1-1993 của Chủ tịch nước:</p>\r\n\r\n<table class=\"wikitable\" style=\"background-color:rgb(248, 249, 250); border-collapse:collapse; border:1px solid rgb(162, 169, 177); color:rgb(34, 34, 34); font-family:sans-serif; font-size:14px; margin:1em 0px\">\r\n	<tbody>\r\n		<tr>\r\n			<td><strong>STT</strong></td>\r\n			<td><strong>Họ và Tên</strong></td>\r\n			<td><strong>Nghệ danh</strong></td>\r\n			<td><strong>Chức danh khi được phong tặng</strong></td>\r\n		</tr>\r\n		<tr>\r\n			<td>1</td>\r\n			<td>Nguyễn Hoài Ân</td>\r\n			<td>&nbsp;</td>\r\n			<td>Nghệ sĩ Tuồng</td>\r\n		</tr>\r\n		<tr>\r\n			<td>2</td>\r\n			<td>Lê Kim Anh</td>\r\n			<td>&nbsp;</td>\r\n			<td>Nghệ sĩ Xiếc</td>\r\n		</tr>\r\n		<tr>\r\n			<td>3</td>\r\n			<td>Phạm Ngọc Anh</td>\r\n			<td>&nbsp;</td>\r\n			<td>Nhạc công</td>\r\n		</tr>\r\n		<tr>\r\n			<td>4</td>\r\n			<td>Nguyễn Văn Bái</td>\r\n			<td>&nbsp;</td>\r\n			<td>Nghệ sĩ Cải lương</td>\r\n		</tr>\r\n		<tr>\r\n			<td>5</td>\r\n			<td><strong><a href=\"https://vi.wikipedia.org/wiki/Ph%E1%BA%A1m_B%E1%BA%B1ng\" style=\"text-decoration-line: none; color: rgb(11, 0, 128); background: none;\" title=\"Phạm Bằng\">Phạm Bằng</a></strong></td>\r\n			<td>&nbsp;</td>\r\n			<td>Nghệ sĩ Kịch nói</td>\r\n		</tr>\r\n		<tr>\r\n			<td>6</td>\r\n			<td>Vũ Thị Bé</td>\r\n			<td>Kim Oanh</td>\r\n			<td>Nghệ sĩ Cải lương</td>\r\n		</tr>\r\n		<tr>\r\n			<td>7</td>\r\n			<td>Lê Tấn Biên</td>\r\n			<td>Bích Lâm</td>\r\n			<td>Đạo diễn</td>\r\n		</tr>\r\n		<tr>\r\n			<td>8</td>\r\n			<td>Lê Xuân Biên</td>\r\n			<td>&nbsp;</td>\r\n			<td>Nghệ sĩ Cải lương</td>\r\n		</tr>\r\n		<tr>\r\n			<td>9</td>\r\n			<td>Nguyễn Văn Biện</td>\r\n			<td>Minh Biện</td>\r\n			<td>Nghệ sĩ hát bội</td>\r\n		</tr>\r\n		<tr>\r\n			<td>10</td>\r\n			<td>Nguyễn Thị Hoà Binh</td>\r\n			<td>&nbsp;</td>\r\n			<td>Nghệ sĩ Tuồng</td>\r\n		</tr>\r\n		<tr>\r\n			<td>11</td>\r\n			<td>Đoàn Thanh Bình</td>\r\n			<td>&nbsp;</td>\r\n			<td>Nghệ sĩ Chèo</td>\r\n		</tr>\r\n		<tr>\r\n			<td>12</td>\r\n			<td>Phùng Thị Bình</td>\r\n			<td>Thanh Bình</td>\r\n			<td>Nghệ sĩ dân ca kịch</td>\r\n		</tr>\r\n		<tr>\r\n			<td>13</td>\r\n			<td>Đoàn Bôn</td>\r\n			<td>&nbsp;</td>\r\n			<td>Nghệ sĩ Kịch nói</td>\r\n		</tr>\r\n		<tr>\r\n			<td>14</td>\r\n			<td>Nguyễn Mạnh Cẩm</td>\r\n			<td>&nbsp;</td>\r\n			<td>Nghệ sĩ nhạc dân tộc</td>\r\n		</tr>\r\n		<tr>\r\n			<td>15</td>\r\n			<td>Dương Long Căn</td>\r\n			<td>&nbsp;</td>\r\n			<td>Nghệ sĩ Tuồng</td>\r\n		</tr>\r\n		<tr>\r\n			<td>16</td>\r\n			<td>Nguyễn Thị Thanh Cảnh</td>\r\n			<td>&nbsp;</td>\r\n			<td>Nghệ sĩ dân ca kịch</td>\r\n		</tr>\r\n		<tr>\r\n			<td>17</td>\r\n			<td>Nguyễn Văn Cát</td>\r\n			<td>Sĩ Cát</td>\r\n			<td>Nghệ sĩ Cải lương</td>\r\n		</tr>\r\n		<tr>\r\n			<td>18</td>\r\n			<td>Lê Kim Chắc</td>\r\n			<td>Kim Chắc</td>\r\n			<td>Nghệ sĩ hát bội</td>\r\n		</tr>\r\n		<tr>\r\n			<td>19</td>\r\n			<td><strong>Nguyễn Thị Mỹ Châu</strong></td>\r\n			<td><a href=\"https://vi.wikipedia.org/wiki/M%E1%BB%B9_Ch%C3%A2u_(ngh%E1%BB%87_s%C4%A9)\" style=\"text-decoration-line: none; color: rgb(11, 0, 128); background: none;\" title=\"Mỹ Châu (nghệ sĩ)\">Mỹ Châu</a></td>\r\n			<td>Nghệ sĩ Cải lương</td>\r\n		</tr>\r\n		<tr>\r\n			<td>20</td>\r\n			<td><strong>Vũ Minh Châu</strong></td>\r\n			<td>&nbsp;</td>\r\n			<td>Nghệ sĩ Cải lương</td>\r\n		</tr>\r\n		<tr>\r\n			<td>21</td>\r\n			<td>Nguyễn Ngọc Châu</td>\r\n			<td>&nbsp;</td>\r\n			<td>Nghệ sĩ dân ca kịch</td>\r\n		</tr>\r\n		<tr>\r\n			<td>22</td>\r\n			<td>Đỗ Doãn Châu</td>\r\n			<td>&nbsp;</td>\r\n			<td>Họa sĩ thiết kế mỹ thuật sân khấu</td>\r\n		</tr>\r\n		<tr>\r\n			<td>23</td>\r\n			<td>Lê Chiêm</td>\r\n			<td>&nbsp;</td>\r\n			<td>Nghệ sĩ Cải lương</td>\r\n		</tr>\r\n		<tr>\r\n			<td>24</td>\r\n			<td>Nguyễn Văn Chiêu</td>\r\n			<td>Văn Chiêu</td>\r\n			<td>Đạo diễn</td>\r\n		</tr>\r\n		<tr>\r\n			<td>25</td>\r\n			<td>Trần Ngọc Chung</td>\r\n			<td>&nbsp;</td>\r\n			<td>Chỉ huy dàn nhạc</td>\r\n		</tr>\r\n		<tr>\r\n			<td>26</td>\r\n			<td>Trần Duy Cổn</td>\r\n			<td>&nbsp;</td>\r\n			<td>Nghệ sĩ Chèo</td>\r\n		</tr>\r\n		<tr>\r\n			<td>27</td>\r\n			<td>Ngô Văn Cừ</td>\r\n			<td>&nbsp;</td>\r\n			<td>Nghệ sĩ Kịch nói</td>\r\n		</tr>\r\n		<tr>\r\n			<td>28</td>\r\n			<td>Hoàng Sĩ Cừ</td>\r\n			<td>&nbsp;</td>\r\n			<td>Nghệ sĩ ca kịch</td>\r\n		</tr>\r\n		<tr>\r\n			<td>29</td>\r\n			<td><strong>Huỳnh Kim Cúc</strong></td>\r\n			<td>&nbsp;</td>\r\n			<td>Nghệ sĩ Cải lương</td>\r\n		</tr>\r\n		<tr>\r\n			<td>30</td>\r\n			<td>Lê Thị Đào</td>\r\n			<td>&nbsp;</td>\r\n			<td>Nghệ sĩ Kịch nói</td>\r\n		</tr>\r\n		<tr>\r\n			<td>31</td>\r\n			<td>Vũ Đào</td>\r\n			<td>&nbsp;</td>\r\n			<td>Nghệ sĩ Cải lương</td>\r\n		</tr>\r\n		<tr>\r\n			<td>32</td>\r\n			<td>Trương Tấn Đạt</td>\r\n			<td>&nbsp;</td>\r\n			<td>Nghệ sĩ Cải lương</td>\r\n		</tr>\r\n		<tr>\r\n			<td>33</td>\r\n			<td>Khúc Văn Đẩu</td>\r\n			<td>&nbsp;</td>\r\n			<td>Nghệ nhân Chèo</td>\r\n		</tr>\r\n		<tr>\r\n			<td>34</td>\r\n			<td><strong>Lê Thị Đẫy</strong></td>\r\n			<td>THU HƯƠNG</td>\r\n			<td>Nghệ sĩ Cải lương</td>\r\n		</tr>\r\n		<tr>\r\n			<td>35</td>\r\n			<td><strong>Nguyễn Thanh Điền</strong></td>\r\n			<td><a class=\"mw-disambig\" href=\"https://vi.wikipedia.org/wiki/Thanh_%C4%90i%E1%BB%81n_(ngh%E1%BB%87_s%C4%A9)\" style=\"text-decoration-line: none; color: rgb(11, 0, 128); background: none;\" title=\"Thanh Điền (nghệ sĩ)\">Thanh Điền</a></td>\r\n			<td>Nghệ sĩ Cải lương</td>\r\n		</tr>\r\n		<tr>\r\n			<td>36</td>\r\n			<td>Đỗ Bạch Diệu</td>\r\n			<td>&nbsp;</td>\r\n			<td>Nghệ sĩ Cải lương</td>\r\n		</tr>\r\n		<tr>\r\n			<td>37</td>\r\n			<td>Đoàn Thị Điều</td>\r\n			<td>Ánh Tuệ</td>\r\n			<td>Nghệ nhân Cải lương</td>\r\n		</tr>\r\n		<tr>\r\n			<td>38</td>\r\n			<td>Nguyễn Thị Châu Đinh</td>\r\n			<td>&nbsp;</td>\r\n			<td>Nghệ sĩ ca kịch</td>\r\n		</tr>\r\n		<tr>\r\n			<td>39</td>\r\n			<td>Nguyễn Huy Đính</td>\r\n			<td>&nbsp;</td>\r\n			<td>Nghệ nhân Chèo</td>\r\n		</tr>\r\n		<tr>\r\n			<td>40</td>\r\n			<td>Nguyễn Nhật Đức</td>\r\n			<td>&nbsp;</td>\r\n			<td>Nghệ sĩ Kịch nói</td>\r\n		</tr>\r\n		<tr>\r\n			<td>41</td>\r\n			<td>Nguyễn Anh Dũng</td>\r\n			<td>&nbsp;</td>\r\n			<td>Nghệ sĩ Kịch nói</td>\r\n		</tr>\r\n		<tr>\r\n			<td>42</td>\r\n			<td>Nguyễn Đình Được</td>\r\n			<td>&nbsp;</td>\r\n			<td>Nghệ sĩ Cải lương</td>\r\n		</tr>\r\n		<tr>\r\n			<td>43</td>\r\n			<td>Nguyễn Dương</td>\r\n			<td>&nbsp;</td>\r\n			<td>Nghệ nhân Tuồng</td>\r\n		</tr>\r\n		<tr>\r\n			<td>44</td>\r\n			<td>Nguyễn Mộng Giác</td>\r\n			<td>ĐĂNG GIÁP</td>\r\n			<td>Nghệ sĩ rối</td>\r\n		</tr>\r\n		<tr>\r\n			<td>45</td>\r\n			<td><strong>Hoàng Giang</strong></td>\r\n			<td>Hồ Ngọc Giang</td>\r\n			<td>Nghệ sĩ Cải lương</td>\r\n		</tr>\r\n		<tr>\r\n			<td>46</td>\r\n			<td>Trương Trọng Gianng</td>\r\n			<td>&nbsp;</td>\r\n			<td>Nghệ sĩ xiếc thú</td>\r\n		</tr>\r\n		<tr>\r\n			<td>47</td>\r\n			<td>Hoàng Hạc</td>\r\n			<td>&nbsp;</td>\r\n			<td>Nghệ sĩ Cải lương</td>\r\n		</tr>\r\n		<tr>\r\n			<td>48</td>\r\n			<td>Đặng Thị Hai</td>\r\n			<td>&nbsp;</td>\r\n			<td>Nghệ sĩ Cải lương</td>\r\n		</tr>\r\n		<tr>\r\n			<td>49</td>\r\n			<td>Vũ Đình Hải</td>\r\n			<td>&nbsp;</td>\r\n			<td>Nghệ sĩ Kịch nói</td>\r\n		</tr>\r\n		<tr>\r\n			<td>50</td>\r\n			<td>Nguyễn Thị Bích Hải</td>\r\n			<td>&nbsp;</td>\r\n			<td>Nghệ sĩ Tuồng</td>\r\n		</tr>\r\n		<tr>\r\n			<td>51</td>\r\n			<td>Nguyễn Quang Hải</td>\r\n			<td>&nbsp;</td>\r\n			<td>Nghệ sĩ Tuồng</td>\r\n		</tr>\r\n		<tr>\r\n			<td>52</td>\r\n			<td>Nguyễn Đắc Hán</td>\r\n			<td>&nbsp;</td>\r\n			<td>Nghệ nhân Tuồng</td>\r\n		</tr>\r\n		<tr>\r\n			<td>53</td>\r\n			<td>Nguyễn Thị Minh Hằng</td>\r\n			<td>&nbsp;</td>\r\n			<td>Nghệ sĩ rối</td>\r\n		</tr>\r\n		<tr>\r\n			<td>54</td>\r\n			<td>Đỗ Minh Hằng</td>\r\n			<td>&nbsp;</td>\r\n			<td>Nghệ sĩ Kịch nói</td>\r\n		</tr>\r\n		<tr>\r\n			<td>55</td>\r\n			<td>Lưu Hạnh</td>\r\n			<td>&nbsp;</td>\r\n			<td>Nghệ sĩ Tuồng</td>\r\n		</tr>\r\n		<tr>\r\n			<td>56</td>\r\n			<td>Phan Quang Hạnh</td>\r\n			<td>&nbsp;</td>\r\n			<td>Nghệ sĩ Tuồng</td>\r\n		</tr>\r\n		<tr>\r\n			<td>57</td>\r\n			<td>Trương Bích Hạnh</td>\r\n			<td>&nbsp;</td>\r\n			<td>Nghệ sĩ Cải lương</td>\r\n		</tr>\r\n		<tr>\r\n			<td>58</td>\r\n			<td>Nguyễn Hồng Hạnh</td>\r\n			<td>&nbsp;</td>\r\n			<td>Nghệ sĩ rối</td>\r\n		</tr>\r\n		<tr>\r\n			<td>59</td>\r\n			<td>Bùi Đức Hạnh</td>\r\n			<td>&nbsp;</td>\r\n			<td>Chỉ huy dàn nhạc</td>\r\n		</tr>\r\n		<tr>\r\n			<td>60</td>\r\n			<td>Lê Thị Kim Hạnh</td>\r\n			<td>&nbsp;</td>\r\n			<td>Nghệ sĩ Xiếc</td>\r\n		</tr>\r\n		<tr>\r\n			<td>61</td>\r\n			<td>Lê Quang Hảo</td>\r\n			<td>&nbsp;</td>\r\n			<td>Nghệ nhân Tuồng</td>\r\n		</tr>\r\n		<tr>\r\n			<td>62</td>\r\n			<td>Phạm Duy Hậu</td>\r\n			<td>&nbsp;</td>\r\n			<td>Nghệ sĩ Kịch nói</td>\r\n		</tr>\r\n		<tr>\r\n			<td>63</td>\r\n			<td>Đoàn Đình Hiền</td>\r\n			<td>&nbsp;</td>\r\n			<td>Nghệ sĩ Cải lương</td>\r\n		</tr>\r\n		<tr>\r\n			<td>64</td>\r\n			<td>Đỗ Thị Thu Hiền</td>\r\n			<td>&nbsp;</td>\r\n			<td>Nghệ sĩ Chèo</td>\r\n		</tr>\r\n		<tr>\r\n			<td>65</td>\r\n			<td>Trương Ngọc Hiền</td>\r\n			<td>&nbsp;</td>\r\n			<td>Nghệ sĩ Kịch nói</td>\r\n		</tr>\r\n		<tr>\r\n			<td>66</td>\r\n			<td><strong>Lâm Thị Hiền</strong></td>\r\n			<td><a href=\"https://vi.wikipedia.org/wiki/Di%E1%BB%87u_Hi%E1%BB%81n\" style=\"text-decoration-line: none; color: rgb(11, 0, 128); background: none;\" title=\"Diệu Hiền\">Diệu Hiền</a></td>\r\n			<td>Nghệ sĩ Cải lương</td>\r\n		</tr>\r\n		<tr>\r\n			<td>67</td>\r\n			<td>Thái Văn Hiển</td>\r\n			<td>THÁI MẠNH HIỂN</td>\r\n			<td>Nghệ sĩ Xiếc</td>\r\n		</tr>\r\n		<tr>\r\n			<td>68</td>\r\n			<td>Bùi Huy Hiếu</td>\r\n			<td>&nbsp;</td>\r\n			<td>Hoạ sĩ thiết kế mỹ thuật sân khấu</td>\r\n		</tr>\r\n		<tr>\r\n			<td>69</td>\r\n			<td><strong>Nguyễn Thị Ngọc Hoa</strong></td>\r\n			<td><a href=\"https://vi.wikipedia.org/wiki/Tho%E1%BA%A1i_Mi%C3%AAu\" style=\"text-decoration-line: none; color: rgb(11, 0, 128); background: none;\" title=\"Thoại Miêu\">Thoại Miêu</a></td>\r\n			<td>Nghệ sĩ Cải lương</td>\r\n		</tr>\r\n		<tr>\r\n			<td>70</td>\r\n			<td><strong>Nguyễn Quốc Hòa</strong></td>\r\n			<td>&nbsp;</td>\r\n			<td>Nghệ sĩ Kịch nói</td>\r\n		</tr>\r\n		<tr>\r\n			<td>71</td>\r\n			<td>Phan Thị Thu Hòa</td>\r\n			<td>&nbsp;</td>\r\n			<td>Nghệ sĩ Chèo</td>\r\n		</tr>\r\n		<tr>\r\n			<td>72</td>\r\n			<td><strong>Nguyễn Văn Hoài</strong></td>\r\n			<td><a href=\"https://vi.wikipedia.org/wiki/Minh_Ph%E1%BB%A5ng\" style=\"text-decoration-line: none; color: rgb(11, 0, 128); background: none;\" title=\"Minh Phụng\">Minh Phụng</a></td>\r\n			<td>Nghệ sĩ Cải lương</td>\r\n		</tr>\r\n		<tr>\r\n			<td>73</td>\r\n			<td>Ngô Thanh Hoài</td>\r\n			<td>&nbsp;</td>\r\n			<td>Nghệ nhân Chèo</td>\r\n		</tr>\r\n		<tr>\r\n			<td>74</td>\r\n			<td>Chu Xuân Hoan</td>\r\n			<td>&nbsp;</td>\r\n			<td>Nghệ sĩ Kịch nói</td>\r\n		</tr>\r\n		<tr>\r\n			<td>75</td>\r\n			<td>Tô Văn Hội</td>\r\n			<td>&nbsp;</td>\r\n			<td>Nghệ sĩ Tuồng</td>\r\n		</tr>\r\n		<tr>\r\n			<td>76</td>\r\n			<td><strong>Lê Thị Kim Hồng</strong></td>\r\n			<td>ÁNH HỒNG</td>\r\n			<td>Nghệ sĩ Cải lương</td>\r\n		</tr>\r\n		<tr>\r\n			<td>77</td>\r\n			<td><strong>Nguyễn Thị Kim Hồng</strong></td>\r\n			<td>Tô Kim Hồng</td>\r\n			<td>Nghệ sĩ Cải lương</td>\r\n		</tr>\r\n		<tr>\r\n			<td>78</td>\r\n			<td>Nguyễn Vĩnh Huế</td>\r\n			<td>Nguyễn Chánh</td>\r\n			<td>Đạo diễn</td>\r\n		</tr>\r\n		<tr>\r\n			<td>79</td>\r\n			<td>Lê Văn Huệ</td>\r\n			<td>Lê Huệ</td>\r\n			<td>Nghệ sĩ Chèo</td>\r\n		</tr>\r\n		<tr>\r\n			<td>80</td>\r\n			<td>Chu Văn Huệ</td>\r\n			<td>HOÀNG HUỆ</td>\r\n			<td>Nghệ sĩ rối</td>\r\n		</tr>\r\n		<tr>\r\n			<td>81</td>\r\n			<td>Tạ Duy Hùng</td>\r\n			<td>&nbsp;</td>\r\n			<td>Nghệ sĩ xiếc thú</td>\r\n		</tr>\r\n		<tr>\r\n			<td>82</td>\r\n			<td>Lê Hùng</td>\r\n			<td>&nbsp;</td>\r\n			<td>Đạo diễn</td>\r\n		</tr>\r\n		<tr>\r\n			<td>83</td>\r\n			<td>Vũ Thị Thanh Hương</td>\r\n			<td>&nbsp;</td>\r\n			<td>Nghệ sĩ Chèo</td>\r\n		</tr>\r\n		<tr>\r\n			<td>84</td>\r\n			<td><strong>Nguyễn Thị Ngọc Hương</strong></td>\r\n			<td><a href=\"https://vi.wikipedia.org/wiki/Ng%E1%BB%8Dc_H%C6%B0%C6%A1ng_(ngh%E1%BB%87_s%C4%A9)\" style=\"text-decoration-line: none; color: rgb(11, 0, 128); background: none;\" title=\"Ngọc Hương (nghệ sĩ)\">Ngọc Hương</a></td>\r\n			<td>Nghệ sĩ Cải lương</td>\r\n		</tr>\r\n		<tr>\r\n			<td>85</td>\r\n			<td>Hoàng Thu Huyền</td>\r\n			<td>&nbsp;</td>\r\n			<td>Nghệ sĩ Cải lương</td>\r\n		</tr>\r\n		<tr>\r\n			<td>86</td>\r\n			<td>Ngô Xuân Huyền</td>\r\n			<td>&nbsp;</td>\r\n			<td>Đạo diễn</td>\r\n		</tr>\r\n		<tr>\r\n			<td>87</td>\r\n			<td>Phan Thị Hữu Ích</td>\r\n			<td>HỒNG CHÂU</td>\r\n			<td>Nghệ sĩ ca kịch</td>\r\n		</tr>\r\n		<tr>\r\n			<td>88</td>\r\n			<td>Trần Phương Khanh</td>\r\n			<td>Phương Khanh</td>\r\n			<td>Nghệ sĩ Cải lương</td>\r\n		</tr>\r\n		<tr>\r\n			<td>89</td>\r\n			<td><strong>Nguyễn Thị Ngọc Khanh</strong></td>\r\n			<td>&nbsp;</td>\r\n			<td>Nghệ sĩ hát bội</td>\r\n		</tr>\r\n		<tr>\r\n			<td>90</td>\r\n			<td>Trịnh Văn Khanh</td>\r\n			<td>Công Khanh</td>\r\n			<td>Nghệ sĩ hát bội</td>\r\n		</tr>\r\n		<tr>\r\n			<td>91</td>\r\n			<td>Trần Thị Mai Khanh</td>\r\n			<td>&nbsp;</td>\r\n			<td>Nghệ sĩ Kịch nói</td>\r\n		</tr>\r\n		<tr>\r\n			<td>92</td>\r\n			<td>Tạ Duy Khanh</td>\r\n			<td>&nbsp;</td>\r\n			<td>Nghệ sĩ xiếc thú</td>\r\n		</tr>\r\n		<tr>\r\n			<td>93</td>\r\n			<td>Nguyễn Văn Khánh</td>\r\n			<td>Khánh Cao</td>\r\n			<td>Đạo diễn dân ca khu V</td>\r\n		</tr>\r\n		<tr>\r\n			<td>94</td>\r\n			<td>Hoàng Văn Khiềm</td>\r\n			<td>&nbsp;</td>\r\n			<td>Nghệ sĩ Tuồng</td>\r\n		</tr>\r\n		<tr>\r\n			<td>95</td>\r\n			<td>Nguyễn Gia Khoản</td>\r\n			<td>&nbsp;</td>\r\n			<td>Nghệ sĩ Tuồng</td>\r\n		</tr>\r\n		<tr>\r\n			<td>96</td>\r\n			<td>Nguyễn Văn Kim</td>\r\n			<td>Huỳnh Kim</td>\r\n			<td>Nghệ sĩ Cải lương</td>\r\n		</tr>\r\n		<tr>\r\n			<td>97</td>\r\n			<td>Nguyễn Thị Xuân Lan</td>\r\n			<td>&nbsp;</td>\r\n			<td>Đạo diễn</td>\r\n		</tr>\r\n		<tr>\r\n			<td>98</td>\r\n			<td>Trần Thị Lan</td>\r\n			<td>THÚY LAN</td>\r\n			<td>Nghệ sĩ Chèo</td>\r\n		</tr>\r\n		<tr>\r\n			<td>99</td>\r\n			<td>Nguyễn Thị Kim Liên</td>\r\n			<td>&nbsp;</td>\r\n			<td>Nghệ sĩ Chèo</td>\r\n		</tr>\r\n		<tr>\r\n			<td>100</td>\r\n			<td>Đỗ Ngọc Liên</td>\r\n			<td>&nbsp;</td>\r\n			<td>Nghệ sĩ Tuồng</td>\r\n		</tr>\r\n		<tr>\r\n			<td>101</td>\r\n			<td>Phạm Đỗ Linh</td>\r\n			<td>&nbsp;</td>\r\n			<td>Nghệ sĩ ca kịch</td>\r\n		</tr>\r\n		<tr>\r\n			<td>102</td>\r\n			<td>Nguyễn Linh</td>\r\n			<td>NGUYỄN LÂN</td>\r\n			<td>Nghệ sĩ Cải lương</td>\r\n		</tr>\r\n		<tr>\r\n			<td>103</td>\r\n			<td>Nguyễn Văn Lộc</td>\r\n			<td>TIÊU LANG</td>\r\n			<td>Nghệ sĩ Cải lương</td>\r\n		</tr>\r\n		<tr>\r\n			<td>104</td>\r\n			<td>Hoàng Thành Lợi</td>\r\n			<td>&nbsp;</td>\r\n			<td>Nghệ sĩ Kịch nói</td>\r\n		</tr>\r\n		<tr>\r\n			<td>105</td>\r\n			<td>Trịnh Mai</td>\r\n			<td>&nbsp;</td>\r\n			<td>Nghệ sĩ Kịch nói</td>\r\n		</tr>\r\n		<tr>\r\n			<td>106</td>\r\n			<td>Nguyễn Thị Hương Mai</td>\r\n			<td>&nbsp;</td>\r\n			<td>Nghệ sĩ Kịch nói</td>\r\n		</tr>\r\n		<tr>\r\n			<td>107</td>\r\n			<td>Nguyễn Thị Mai</td>\r\n			<td>&nbsp;</td>\r\n			<td>Nghệ nhân Chèo</td>\r\n		</tr>\r\n		<tr>\r\n			<td>108</td>\r\n			<td>Nguyễn Quang Mai</td>\r\n			<td>&nbsp;</td>\r\n			<td>Nghệ nhân Chèo</td>\r\n		</tr>\r\n		<tr>\r\n			<td>109</td>\r\n			<td>Lê Tiến Mạnh</td>\r\n			<td>&nbsp;</td>\r\n			<td>Nghệ sĩ hề xiếc</td>\r\n		</tr>\r\n		<tr>\r\n			<td>110</td>\r\n			<td>Trần Văn Minh</td>\r\n			<td>VIỆT HỒ</td>\r\n			<td>Họa sĩ thiết kế ánh sáng</td>\r\n		</tr>\r\n		<tr>\r\n			<td>111</td>\r\n			<td>Nguyễn Quang Minh</td>\r\n			<td>&nbsp;</td>\r\n			<td>Nghệ sĩ Xiếc</td>\r\n		</tr>\r\n		<tr>\r\n			<td>112</td>\r\n			<td>Phạm Nhật Minh</td>\r\n			<td>&nbsp;</td>\r\n			<td>Nghệ sĩ Cải lương</td>\r\n		</tr>\r\n		<tr>\r\n			<td>113</td>\r\n			<td><strong>Nguyễn Ngọc Minh</strong></td>\r\n			<td>Hùng Minh</td>\r\n			<td>Nghệ sĩ Cải lương</td>\r\n		</tr>\r\n		<tr>\r\n			<td>114</td>\r\n			<td>Nguyễn Thị Thúy Mơ</td>\r\n			<td>&nbsp;</td>\r\n			<td>Nghệ sĩ Chèo</td>\r\n		</tr>\r\n		<tr>\r\n			<td>115</td>\r\n			<td>Phạm Văn Mớn</td>\r\n			<td>&nbsp;</td>\r\n			<td>Nghệ sĩ Chèo</td>\r\n		</tr>\r\n		<tr>\r\n			<td>116</td>\r\n			<td>Nguyễn Văn My</td>\r\n			<td>&nbsp;</td>\r\n			<td>Nghệ sĩ rối</td>\r\n		</tr>\r\n		<tr>\r\n			<td>117</td>\r\n			<td>Hà Thị Năm</td>\r\n			<td>&nbsp;</td>\r\n			<td>Nghệ sĩ hát xẩm</td>\r\n		</tr>\r\n		<tr>\r\n			<td>118</td>\r\n			<td>Nguyễn Thị Tuyết Nga</td>\r\n			<td>&nbsp;</td>\r\n			<td>Nghệ sĩ Chèo</td>\r\n		</tr>\r\n		<tr>\r\n			<td>119</td>\r\n			<td>Đoàn Thị Ngà</td>\r\n			<td>&nbsp;</td>\r\n			<td>Nghệ nhân Tuồng</td>\r\n		</tr>\r\n		<tr>\r\n			<td>120</td>\r\n			<td>Hoàng Thị Thuý Ngần</td>\r\n			<td>&nbsp;</td>\r\n			<td>Nghệ sĩ Cải lương</td>\r\n		</tr>\r\n		<tr>\r\n			<td>121</td>\r\n			<td>Trần Văn Nghĩa</td>\r\n			<td>&nbsp;</td>\r\n			<td>Đạo diễn rối</td>\r\n		</tr>\r\n		<tr>\r\n			<td>122</td>\r\n			<td>Trần Mậu Nghĩa</td>\r\n			<td>Tuấn Nghĩa</td>\r\n			<td>Đạo diễn</td>\r\n		</tr>\r\n		<tr>\r\n			<td>123</td>\r\n			<td>Vũ Đức Nghiêu</td>\r\n			<td>&nbsp;</td>\r\n			<td>Nghệ sĩ Chèo</td>\r\n		</tr>\r\n		<tr>\r\n			<td>124</td>\r\n			<td>Nguyễn Cung Nghinh</td>\r\n			<td>&nbsp;</td>\r\n			<td>Nghệ sĩ Tuồng</td>\r\n		</tr>\r\n		<tr>\r\n			<td>125</td>\r\n			<td><strong>Trần Minh Ngọc</strong></td>\r\n			<td>&nbsp;</td>\r\n			<td>Đạo diễn</td>\r\n		</tr>\r\n		<tr>\r\n			<td>126</td>\r\n			<td>Nguyễn Khôi Nguyên</td>\r\n			<td>&nbsp;</td>\r\n			<td>Nghệ sĩ Cải lương</td>\r\n		</tr>\r\n		<tr>\r\n			<td>127</td>\r\n			<td>Vũ Thị Nguyệt</td>\r\n			<td>MINH NGUYỆT</td>\r\n			<td>Nghệ sĩ Tuồng</td>\r\n		</tr>\r\n		<tr>\r\n			<td>128</td>\r\n			<td>Hoàng Thị Ánh Nguyệt</td>\r\n			<td>&nbsp;</td>\r\n			<td>Nghệ sĩ Cải lương</td>\r\n		</tr>\r\n		<tr>\r\n			<td>129</td>\r\n			<td>Hồ Phong Nhã</td>\r\n			<td>&nbsp;</td>\r\n			<td>Nghệ sĩ Kịch nói</td>\r\n		</tr>\r\n		<tr>\r\n			<td>130</td>\r\n			<td>Nguyễn Thị Thu Nhân</td>\r\n			<td>Thu Nhân</td>\r\n			<td>Nghệ sĩ Tuồng</td>\r\n		</tr>\r\n		<tr>\r\n			<td>131</td>\r\n			<td>Nguyễn Thị Thanh Nhanh</td>\r\n			<td>&nbsp;</td>\r\n			<td>Nghệ sĩ Cải lương</td>\r\n		</tr>\r\n		<tr>\r\n			<td>132</td>\r\n			<td>Hoàng Thị Hồng Nhung</td>\r\n			<td>&nbsp;</td>\r\n			<td>Nghệ nhân Tuồng</td>\r\n		</tr>\r\n		<tr>\r\n			<td>133</td>\r\n			<td>Nguyễn Minh Nhương</td>\r\n			<td>&nbsp;</td>\r\n			<td>Nghệ sĩ Chèo</td>\r\n		</tr>\r\n		<tr>\r\n			<td>134</td>\r\n			<td>Nguyễn Văn Nức</td>\r\n			<td>Minh Đức</td>\r\n			<td>Nghệ sĩ Cải lương</td>\r\n		</tr>\r\n		<tr>\r\n			<td>135</td>\r\n			<td>Nguyễn Thị Oanh</td>\r\n			<td>Kiều Oanh</td>\r\n			<td>Nghệ sĩ Cải lương</td>\r\n		</tr>\r\n		<tr>\r\n			<td>136</td>\r\n			<td>Nguyễn Ôn</td>\r\n			<td>&nbsp;</td>\r\n			<td>Nghệ nhân Tuồng, Chèo</td>\r\n		</tr>\r\n		<tr>\r\n			<td>137</td>\r\n			<td><strong>Đinh Bằng Phi</strong></td>\r\n			<td>&nbsp;</td>\r\n			<td>Nghệ sĩ hát bội</td>\r\n		</tr>\r\n		<tr>\r\n			<td>138</td>\r\n			<td>Phạm Văn Phiếm</td>\r\n			<td>&nbsp;</td>\r\n			<td>Nghệ sĩ hát chèo</td>\r\n		</tr>\r\n		<tr>\r\n			<td>139</td>\r\n			<td>Hồ Thị Kim Phú</td>\r\n			<td>&nbsp;</td>\r\n			<td>Nghệ sĩ ca kịch</td>\r\n		</tr>\r\n		<tr>\r\n			<td>140</td>\r\n			<td>Nguyễn Văn Phú</td>\r\n			<td>&nbsp;</td>\r\n			<td>Nghệ sĩ Xiếc</td>\r\n		</tr>\r\n		<tr>\r\n			<td>141</td>\r\n			<td>Lê Vĩnh Phúc</td>\r\n			<td>&nbsp;</td>\r\n			<td>Nghệ sĩ Kịch nói</td>\r\n		</tr>\r\n		<tr>\r\n			<td>142</td>\r\n			<td><strong>Nguyễn Kim Phụng</strong></td>\r\n			<td><a href=\"https://vi.wikipedia.org/wiki/Th%E1%BA%A9m_Th%C3%BAy_H%E1%BA%B1ng\" style=\"text-decoration-line: none; color: rgb(11, 0, 128); background: none;\" title=\"Thẩm Thúy Hằng\">Thẩm Thúy Hằng</a></td>\r\n			<td>Nghệ sĩ Kịch nói</td>\r\n		</tr>\r\n		<tr>\r\n			<td>143</td>\r\n			<td>Phan Thị Lan Phương</td>\r\n			<td>&nbsp;</td>\r\n			<td>Nghệ sĩ Tuồng</td>\r\n		</tr>\r\n		<tr>\r\n			<td>144</td>\r\n			<td>Huỳnh Minh Quân</td>\r\n			<td>&nbsp;</td>\r\n			<td>Đạo diễn</td>\r\n		</tr>\r\n		<tr>\r\n			<td>145</td>\r\n			<td>Lê Huy Quang</td>\r\n			<td>&nbsp;</td>\r\n			<td>Hoạ sĩ thiết kế mỹ thuật</td>\r\n		</tr>\r\n		<tr>\r\n			<td>146</td>\r\n			<td>Dương Bùi Quảng</td>\r\n			<td>&nbsp;</td>\r\n			<td>Nghệ sĩ Kịch nói</td>\r\n		</tr>\r\n		<tr>\r\n			<td>147</td>\r\n			<td><strong>Lư Bảo Quốc</strong></td>\r\n			<td><a href=\"https://vi.wikipedia.org/wiki/B%E1%BA%A3o_Qu%E1%BB%91c\" style=\"text-decoration-line: none; color: rgb(11, 0, 128); background: none;\" title=\"Bảo Quốc\">Bảo Quốc</a></td>\r\n			<td>Nghệ sĩ Cải lương</td>\r\n		</tr>\r\n		<tr>\r\n			<td>148</td>\r\n			<td>Trần Ngọc Quốc</td>\r\n			<td>&nbsp;</td>\r\n			<td>Nghệ sĩ Kịch nói</td>\r\n		</tr>\r\n		<tr>\r\n			<td>149</td>\r\n			<td>Nguyễn Dân Quốc</td>\r\n			<td>&nbsp;</td>\r\n			<td>Họa sĩ thiết kế mỹ thuật</td>\r\n		</tr>\r\n		<tr>\r\n			<td>150</td>\r\n			<td>Nguyễn Kim Quyên</td>\r\n			<td>Thiên Nga</td>\r\n			<td>Nghệ sĩ Cải lương</td>\r\n		</tr>\r\n		<tr>\r\n			<td>151</td>\r\n			<td>Nguyễn Hoàng Sa</td>\r\n			<td>&nbsp;</td>\r\n			<td>Đạo diễn</td>\r\n		</tr>\r\n		<tr>\r\n			<td>152</td>\r\n			<td>Trần Đình Sanh</td>\r\n			<td>&nbsp;</td>\r\n			<td>Nghệ sĩ Tuồng</td>\r\n		</tr>\r\n		<tr>\r\n			<td>153</td>\r\n			<td>Nguyễn Văn Sáu</td>\r\n			<td>Tư Rọ</td>\r\n			<td>Nghệ sĩ Cải lương</td>\r\n		</tr>\r\n		<tr>\r\n			<td>154</td>\r\n			<td>Lạ Viết Sinh</td>\r\n			<td>&nbsp;</td>\r\n			<td>Họa sĩ tạo hình</td>\r\n		</tr>\r\n		<tr>\r\n			<td>155</td>\r\n			<td>Hoàng Hiệp Tắc</td>\r\n			<td>&nbsp;</td>\r\n			<td>Nghệ sĩ Tuồng</td>\r\n		</tr>\r\n		<tr>\r\n			<td>156</td>\r\n			<td>Nguyễn Đường Tài</td>\r\n			<td>&nbsp;</td>\r\n			<td>Hoạ sĩ thiết kế mỹ thuật sân khấu</td>\r\n		</tr>\r\n		<tr>\r\n			<td>157</td>\r\n			<td>Tạ Văn Tạo</td>\r\n			<td>&nbsp;</td>\r\n			<td>Đạo diễn</td>\r\n		</tr>\r\n		<tr>\r\n			<td>158</td>\r\n			<td>Hoàng Quân Tạo</td>\r\n			<td>&nbsp;</td>\r\n			<td>Đạo diễn</td>\r\n		</tr>\r\n		<tr>\r\n			<td>159</td>\r\n			<td>Bùi Quang Thái</td>\r\n			<td>&nbsp;</td>\r\n			<td>Nghệ sĩ Kịch nói</td>\r\n		</tr>\r\n		<tr>\r\n			<td>160</td>\r\n			<td>Phạm Xuân Thấm</td>\r\n			<td>&nbsp;</td>\r\n			<td>Nghệ sĩ múa rối</td>\r\n		</tr>\r\n		<tr>\r\n			<td>161</td>\r\n			<td>Nguyễn Bích Thân</td>\r\n			<td>NGUYỄN THỊ ĐỨC</td>\r\n			<td>Nghệ sĩ Xiếc</td>\r\n		</tr>\r\n		<tr>\r\n			<td>162</td>\r\n			<td>Cao Thị Thanh</td>\r\n			<td>Kim Thanh</td>\r\n			<td>Nghệ sĩ hát bội</td>\r\n		</tr>\r\n		<tr>\r\n			<td>163</td>\r\n			<td>Nguyễn Châu Thành</td>\r\n			<td>&nbsp;</td>\r\n			<td>Nghệ sĩ ca kịch</td>\r\n		</tr>\r\n		<tr>\r\n			<td>164</td>\r\n			<td>Lưu Văn Thao</td>\r\n			<td>&nbsp;</td>\r\n			<td>Nghệ sĩ Kịch nói</td>\r\n		</tr>\r\n		<tr>\r\n			<td>165</td>\r\n			<td>Hoàng Thị Thảo</td>\r\n			<td>Hoàng Phương Thảo</td>\r\n			<td>Nghệ sĩ Tuồng</td>\r\n		</tr>\r\n		<tr>\r\n			<td>166</td>\r\n			<td><strong>Đặng Thị Thiện</strong></td>\r\n			<td>Lê Thiện</td>\r\n			<td>Nghệ sĩ Cải lương</td>\r\n		</tr>\r\n		<tr>\r\n			<td>167</td>\r\n			<td>Nguyễn Trọng Thịnh</td>\r\n			<td>&nbsp;</td>\r\n			<td>Nghệ sĩ Kịch nói</td>\r\n		</tr>\r\n		<tr>\r\n			<td>168</td>\r\n			<td>Lê Xuân Thịnh</td>\r\n			<td>&nbsp;</td>\r\n			<td>Nghệ sĩ nhạc dân tộc</td>\r\n		</tr>\r\n		<tr>\r\n			<td>169</td>\r\n			<td>Lê Thọ</td>\r\n			<td>&nbsp;</td>\r\n			<td>Nghệ sĩ Cải lương</td>\r\n		</tr>\r\n		<tr>\r\n			<td>170</td>\r\n			<td>Nguyễn Văn Thơm</td>\r\n			<td>&nbsp;</td>\r\n			<td>Đạo diễn</td>\r\n		</tr>\r\n		<tr>\r\n			<td>171</td>\r\n			<td>Trương Đình Thôn</td>\r\n			<td>&nbsp;</td>\r\n			<td>Nghệ sĩ Tuồng</td>\r\n		</tr>\r\n		<tr>\r\n			<td>172</td>\r\n			<td><strong>Nguyễn Văn Thu</strong></td>\r\n			<td><a href=\"https://vi.wikipedia.org/wiki/Thanh_Sang\" style=\"text-decoration-line: none; color: rgb(11, 0, 128); background: none;\" title=\"Thanh Sang\">Thanh Sang</a></td>\r\n			<td>Nghệ sĩ Cải lương</td>\r\n		</tr>\r\n		<tr>\r\n			<td>173</td>\r\n			<td>Hoàng Thử</td>\r\n			<td>&nbsp;</td>\r\n			<td>Nghệ sĩ dân ca kịch</td>\r\n		</tr>\r\n		<tr>\r\n			<td>174</td>\r\n			<td>Lê Thử</td>\r\n			<td>&nbsp;</td>\r\n			<td>Nghệ sĩ Tuồng</td>\r\n		</tr>\r\n		<tr>\r\n			<td>175</td>\r\n			<td><strong>Dương Công Thuấn</strong></td>\r\n			<td><a href=\"https://vi.wikipedia.org/wiki/Di%E1%BB%87p_Lang\" style=\"text-decoration-line: none; color: rgb(11, 0, 128); background: none;\" title=\"Diệp Lang\">Diệp Lang</a></td>\r\n			<td>Nghệ sĩ Cải lương</td>\r\n		</tr>\r\n		<tr>\r\n			<td>176</td>\r\n			<td>Phạm Quang Thường</td>\r\n			<td>&nbsp;</td>\r\n			<td>Nghệ sĩ Chèo</td>\r\n		</tr>\r\n		<tr>\r\n			<td>177</td>\r\n			<td><strong>Trần Thị Lệ Thủy</strong></td>\r\n			<td><a href=\"https://vi.wikipedia.org/wiki/L%E1%BB%87_Th%E1%BB%A7y_(ngh%E1%BB%87_s%C4%A9)\" style=\"text-decoration-line: none; color: rgb(11, 0, 128); background: none;\" title=\"Lệ Thủy (nghệ sĩ)\">Lệ Thủy</a></td>\r\n			<td>Nghệ sĩ Cải lương</td>\r\n		</tr>\r\n		<tr>\r\n			<td>178</td>\r\n			<td>Vũ Đăng Tỉnh</td>\r\n			<td>&nbsp;</td>\r\n			<td>Nghệ sĩ Chèo</td>\r\n		</tr>\r\n		<tr>\r\n			<td>179</td>\r\n			<td>Bùi Thị Phong Toàn</td>\r\n			<td>&nbsp;</td>\r\n			<td>Nghệ sĩ Chèo</td>\r\n		</tr>\r\n		<tr>\r\n			<td>180</td>\r\n			<td>Nguyễn Quốc Toàn</td>\r\n			<td>&nbsp;</td>\r\n			<td>Nghệ sĩ Kịch nói</td>\r\n		</tr>\r\n		<tr>\r\n			<td>181</td>\r\n			<td><strong>Nguyễn Thanh Tòng</strong></td>\r\n			<td><a href=\"https://vi.wikipedia.org/wiki/Thanh_T%C3%B2ng\" style=\"text-decoration-line: none; color: rgb(11, 0, 128); background: none;\" title=\"Thanh Tòng\">Thanh Tòng</a></td>\r\n			<td>Nghệ sĩ Cải lương</td>\r\n		</tr>\r\n		<tr>\r\n			<td>182</td>\r\n			<td><strong>Nguyễn Thành Trí</strong></td>\r\n			<td>&nbsp;</td>\r\n			<td>Đạo diễn</td>\r\n		</tr>\r\n		<tr>\r\n			<td>183</td>\r\n			<td>Trần Thị Tố Trinh</td>\r\n			<td>&nbsp;</td>\r\n			<td>Nghệ sĩ Xiếc</td>\r\n		</tr>\r\n		<tr>\r\n			<td>184</td>\r\n			<td>Nguyễn Thị Trúc</td>\r\n			<td>Trúc Linh</td>\r\n			<td>Nghệ sĩ Cải lương</td>\r\n		</tr>\r\n		<tr>\r\n			<td>185</td>\r\n			<td>Lê Đức Trung</td>\r\n			<td>&nbsp;</td>\r\n			<td>Nghệ sĩ Kịch nói</td>\r\n		</tr>\r\n		<tr>\r\n			<td>186</td>\r\n			<td>Nguyễn Đức Trường</td>\r\n			<td>Z27</td>\r\n			<td>Nghệ sĩ Xiếc</td>\r\n		</tr>\r\n		<tr>\r\n			<td>187</td>\r\n			<td>Nguyễn Thế Truyền</td>\r\n			<td>&nbsp;</td>\r\n			<td>Nghệ sĩ Chèo</td>\r\n		</tr>\r\n		<tr>\r\n			<td>188</td>\r\n			<td>Vũ Thanh Tú</td>\r\n			<td>&nbsp;</td>\r\n			<td>Nghệ sĩ Kịch nói</td>\r\n		</tr>\r\n		<tr>\r\n			<td>189</td>\r\n			<td>Nguyễn Khắc Tư</td>\r\n			<td>&nbsp;</td>\r\n			<td>Nghệ sĩ Chèo</td>\r\n		</tr>\r\n		<tr>\r\n			<td>190</td>\r\n			<td>Nguyễn Công Tuấn</td>\r\n			<td>Nhạc Tuấn</td>\r\n			<td>Nghệ nhân Cải lương</td>\r\n		</tr>\r\n		<tr>\r\n			<td>191</td>\r\n			<td>Nguyễn Thanh Tùng</td>\r\n			<td>&nbsp;</td>\r\n			<td>Nghệ sĩ Cải lương</td>\r\n		</tr>\r\n		<tr>\r\n			<td>192</td>\r\n			<td>Triệu Tường</td>\r\n			<td>&nbsp;</td>\r\n			<td>Nghệ sĩ Cải lương</td>\r\n		</tr>\r\n		<tr>\r\n			<td>193</td>\r\n			<td>Hoàng Uẩn</td>\r\n			<td>&nbsp;</td>\r\n			<td>Nghệ sĩ Kịch nói</td>\r\n		</tr>\r\n		<tr>\r\n			<td>194</td>\r\n			<td>La Thị Cẩm Vân</td>\r\n			<td>&nbsp;</td>\r\n			<td>Nghệ sĩ múa cung đình</td>\r\n		</tr>\r\n		<tr>\r\n			<td>195</td>\r\n			<td>Trần Vân</td>\r\n			<td>&nbsp;</td>\r\n			<td>Nghệ sĩ Kịch nói</td>\r\n		</tr>\r\n		<tr>\r\n			<td>196</td>\r\n			<td>Nguyễn Thị Ngọc Viễn</td>\r\n			<td>&nbsp;</td>\r\n			<td>Nghệ sĩ Chèo</td>\r\n		</tr>\r\n		<tr>\r\n			<td>197</td>\r\n			<td>Nguyễn Bá Viết</td>\r\n			<td>&nbsp;</td>\r\n			<td>Chỉ huy nhạc tuồng</td>\r\n		</tr>\r\n		<tr>\r\n			<td>198</td>\r\n			<td>Nguyễn Quang Vinh</td>\r\n			<td>&nbsp;</td>\r\n			<td>Đạo diễn</td>\r\n		</tr>\r\n		<tr>\r\n			<td>199</td>\r\n			<td>Trần Vinh</td>\r\n			<td>&nbsp;</td>\r\n			<td>Chỉ huy dàn nhạc</td>\r\n		</tr>\r\n		<tr>\r\n			<td>200</td>\r\n			<td>Nguyễn Văn Vĩnh</td>\r\n			<td>&nbsp;</td>\r\n			<td>Nghệ sĩ Cải lương</td>\r\n		</tr>\r\n		<tr>\r\n			<td>201</td>\r\n			<td>Tống Thị Bích Vượng</td>\r\n			<td>&nbsp;</td>\r\n			<td>Nghệ sĩ rối</td>\r\n		</tr>\r\n		<tr>\r\n			<td>202</td>\r\n			<td>Vũ Tường Vy</td>\r\n			<td>&nbsp;</td>\r\n			<td>Nghệ sĩ Cải lương</td>\r\n		</tr>\r\n		<tr>\r\n			<td>203</td>\r\n			<td>Hồ Trường Xuân</td>\r\n			<td>&nbsp;</td>\r\n			<td>Nghệ sĩ Cải lương</td>\r\n		</tr>\r\n		<tr>\r\n			<td>204</td>\r\n			<td>Vũ Đức Ý</td>\r\n			<td>&nbsp;</td>\r\n			<td>Nghệ sĩ Chèo</td>\r\n		</tr>\r\n		<tr>\r\n			<td>205</td>\r\n			<td>Lê Thị Hải Yến</td>\r\n			<td>&nbsp;</td>\r\n			<td>Nghệ sĩ Cải lương</td>\r\n		</tr>\r\n	</tbody>\r\n</table>\r\n\r\n<h2>Ðợt 4 - 1997: 183 nghệ sĩ<span style=\"font-family:sans-serif; font-size:small\"><span style=\"color:rgb(84, 89, 93)\">[</span><a class=\"mw-editsection-visualeditor\" href=\"https://vi.wikipedia.org/w/index.php?title=Danh_s%C3%A1ch_Ngh%E1%BB%87_s%C4%A9_%C6%B0u_t%C3%BA_(Vi%E1%BB%87t_Nam)&amp;veaction=edit&amp;section=4\" style=\"text-decoration-line: none; color: rgb(11, 0, 128); background: none;\" title=\"Sửa đổi phần “Ðợt 4 - 1997: 183 nghệ sĩ”\">sửa</a><span style=\"color:rgb(84, 89, 93)\">&nbsp;|&nbsp;</span><a href=\"https://vi.wikipedia.org/w/index.php?title=Danh_s%C3%A1ch_Ngh%E1%BB%87_s%C4%A9_%C6%B0u_t%C3%BA_(Vi%E1%BB%87t_Nam)&amp;action=edit&amp;section=4\" style=\"text-decoration-line: none; color: rgb(11, 0, 128); background: none;\" title=\"Sửa đổi phần “Ðợt 4 - 1997: 183 nghệ sĩ”\">sửa mã nguồn</a><span style=\"color:rgb(84, 89, 93)\">]</span></span></h2>\r\n\r\n<p>Theo quyết định số 1157/KT-CTN ngày 3-2-1997 của Chủ tịch nước:</p>\r\n\r\n<table class=\"wikitable\" style=\"background-color:rgb(248, 249, 250); border-collapse:collapse; border:1px solid rgb(162, 169, 177); color:rgb(34, 34, 34); font-family:sans-serif; font-size:14px; margin:1em 0px\">\r\n	<tbody>\r\n		<tr>\r\n			<td><strong>STT</strong></td>\r\n			<td><strong>Họ và Tên</strong></td>\r\n			<td><strong>Nghệ danh</strong></td>\r\n			<td><strong>Chức danh khi được phong tặng</strong></td>\r\n		</tr>\r\n		<tr>\r\n			<td>1</td>\r\n			<td>Nguyễn Đình Bảo</td>\r\n			<td>&nbsp;</td>\r\n			<td>Diễn viên</td>\r\n		</tr>\r\n		<tr>\r\n			<td>2</td>\r\n			<td>Đặng Mạnh Bảo</td>\r\n			<td>&nbsp;</td>\r\n			<td>Diễn viên</td>\r\n		</tr>\r\n		<tr>\r\n			<td>3</td>\r\n			<td>Dương Viết Bát</td>\r\n			<td>&nbsp;</td>\r\n			<td>Đạo diễn</td>\r\n		</tr>\r\n		<tr>\r\n			<td>4</td>\r\n			<td>Vũ Khắc Bảy</td>\r\n			<td>&nbsp;</td>\r\n			<td>Diễn viên Chèo</td>\r\n		</tr>\r\n		<tr>\r\n			<td>5</td>\r\n			<td>Nguyễn Thị Bê</td>\r\n			<td>Thúy Bê</td>\r\n			<td>Diễn viên</td>\r\n		</tr>\r\n		<tr>\r\n			<td>6</td>\r\n			<td>Nguyễn Văn Biển</td>\r\n			<td>Thanh Tùng</td>\r\n			<td>Diễn viên</td>\r\n		</tr>\r\n		<tr>\r\n			<td>7</td>\r\n			<td>Nguyễn Ngọc Bình</td>\r\n			<td>&nbsp;</td>\r\n			<td>Diễn viên</td>\r\n		</tr>\r\n		<tr>\r\n			<td>8</td>\r\n			<td>Vũ Thị Bình</td>\r\n			<td>Lâm Bình</td>\r\n			<td>Diễn viên</td>\r\n		</tr>\r\n		<tr>\r\n			<td>9</td>\r\n			<td>Lê Danh Cách</td>\r\n			<td>&nbsp;</td>\r\n			<td>Diễn viên</td>\r\n		</tr>\r\n		<tr>\r\n			<td>10</td>\r\n			<td>Võ Thị Ngọc Cầm</td>\r\n			<td>&nbsp;</td>\r\n			<td>Nghệ nhân Tuồng</td>\r\n		</tr>\r\n		<tr>\r\n			<td>11</td>\r\n			<td>La Cháu</td>\r\n			<td>&nbsp;</td>\r\n			<td>Nghệ nhân</td>\r\n		</tr>\r\n		<tr>\r\n			<td>12</td>\r\n			<td>Phan Ngọc Chi</td>\r\n			<td>&nbsp;</td>\r\n			<td>Diễn viên</td>\r\n		</tr>\r\n		<tr>\r\n			<td>13</td>\r\n			<td>Nguyễn Minh Chí</td>\r\n			<td>&nbsp;</td>\r\n			<td>Diễn viên</td>\r\n		</tr>\r\n		<tr>\r\n			<td>14</td>\r\n			<td>Nguyễn Đình Chí</td>\r\n			<td>Quang Chí</td>\r\n			<td>Diễn viên</td>\r\n		</tr>\r\n		<tr>\r\n			<td>15</td>\r\n			<td>Trần Quốc Chiêm</td>\r\n			<td>&nbsp;</td>\r\n			<td>Diễn viên</td>\r\n		</tr>\r\n		<tr>\r\n			<td>16</td>\r\n			<td>Phạm Chính</td>\r\n			<td>&nbsp;</td>\r\n			<td>Đạo diễn</td>\r\n		</tr>\r\n		<tr>\r\n			<td>17</td>\r\n			<td>Phạm Văn Chỗ</td>\r\n			<td>&nbsp;</td>\r\n			<td>Nhạc công</td>\r\n		</tr>\r\n		<tr>\r\n			<td>18</td>\r\n			<td>Trịnh Chơi</td>\r\n			<td>&nbsp;</td>\r\n			<td>Đạo diễn</td>\r\n		</tr>\r\n		<tr>\r\n			<td>19</td>\r\n			<td>Lê Đại Chức</td>\r\n			<td>Lê Chức</td>\r\n			<td>Diễn viên, Đạo diễn</td>\r\n		</tr>\r\n		<tr>\r\n			<td>20</td>\r\n			<td>Hoàng Thị Cúc</td>\r\n			<td>Hoàng Cúc</td>\r\n			<td>Diễn viên</td>\r\n		</tr>\r\n		<tr>\r\n			<td>21</td>\r\n			<td>Nguyễn Thị Cúc</td>\r\n			<td>Bà Cả Lê</td>\r\n			<td>Nghệ nhân Chèo</td>\r\n		</tr>\r\n		<tr>\r\n			<td>22</td>\r\n			<td>Lại Phú Cương</td>\r\n			<td>&nbsp;</td>\r\n			<td>Diễn viên Kịch</td>\r\n		</tr>\r\n		<tr>\r\n			<td>23</td>\r\n			<td>Trần Mạnh Cường</td>\r\n			<td>&nbsp;</td>\r\n			<td>Diễn viên</td>\r\n		</tr>\r\n		<tr>\r\n			<td>24</td>\r\n			<td>Vũ Xuân Cường</td>\r\n			<td>&nbsp;</td>\r\n			<td>Diễn viên</td>\r\n		</tr>\r\n		<tr>\r\n			<td>25</td>\r\n			<td><strong>Đinh Hồng Đào</strong></td>\r\n			<td>Phương Hồng Thủy</td>\r\n			<td>Diễn viên</td>\r\n		</tr>\r\n		<tr>\r\n			<td>26</td>\r\n			<td>Nguyễn Tiến Đạt</td>\r\n			<td>&nbsp;</td>\r\n			<td>Diễn viên</td>\r\n		</tr>\r\n		<tr>\r\n			<td>27</td>\r\n			<td><strong>Trần Thị Thanh Dậu</strong></td>\r\n			<td>&nbsp;</td>\r\n			<td>Diễn viên</td>\r\n		</tr>\r\n		<tr>\r\n			<td>28</td>\r\n			<td>Phạm Văn Dị</td>\r\n			<td>&nbsp;</td>\r\n			<td>Diễn viên</td>\r\n		</tr>\r\n		<tr>\r\n			<td>29</td>\r\n			<td>Cao Kim Điển</td>\r\n			<td>&nbsp;</td>\r\n			<td>Đạo diễn</td>\r\n		</tr>\r\n		<tr>\r\n			<td>30</td>\r\n			<td>Trần Xuân Dinh</td>\r\n			<td>&nbsp;</td>\r\n			<td>Diễn viên</td>\r\n		</tr>\r\n		<tr>\r\n			<td>31</td>\r\n			<td>Nguyễn Tiến Đô</td>\r\n			<td>Hoàng Luận</td>\r\n			<td>Đạo diễn rối</td>\r\n		</tr>\r\n		<tr>\r\n			<td>32</td>\r\n			<td>Thạch Đơ</td>\r\n			<td>&nbsp;</td>\r\n			<td>Diễn viên</td>\r\n		</tr>\r\n		<tr>\r\n			<td>33</td>\r\n			<td>Trần Văn Đông</td>\r\n			<td>Hoàng Đông</td>\r\n			<td>Diễn viên, chỉ đạo nghệ thuật</td>\r\n		</tr>\r\n		<tr>\r\n			<td>34</td>\r\n			<td>Trần Đức</td>\r\n			<td>&nbsp;</td>\r\n			<td>Diễn viên</td>\r\n		</tr>\r\n		<tr>\r\n			<td>35</td>\r\n			<td>Nguyễn Thị Kim Dung</td>\r\n			<td>&nbsp;</td>\r\n			<td>Diễn viên Chèo</td>\r\n		</tr>\r\n		<tr>\r\n			<td>36</td>\r\n			<td>Nguyễn Thị Ngọc Dung</td>\r\n			<td>&nbsp;</td>\r\n			<td>Diễn viên</td>\r\n		</tr>\r\n		<tr>\r\n			<td>37</td>\r\n			<td>Nguyễn Kim Dung</td>\r\n			<td>Ngọc Dung</td>\r\n			<td>Diễn viên</td>\r\n		</tr>\r\n		<tr>\r\n			<td>38</td>\r\n			<td><strong>Hoàng Tiến Dũng</strong></td>\r\n			<td><a href=\"https://vi.wikipedia.org/wiki/Ho%C3%A0ng_D%C5%A9ng\" style=\"text-decoration-line: none; color: rgb(11, 0, 128); background: none;\" title=\"Hoàng Dũng\">Hoàng Dũng</a></td>\r\n			<td>Diễn viên</td>\r\n		</tr>\r\n		<tr>\r\n			<td>39</td>\r\n			<td>Trần Thị Được</td>\r\n			<td>&nbsp;</td>\r\n			<td>Diễn viên</td>\r\n		</tr>\r\n		<tr>\r\n			<td>40</td>\r\n			<td>Nguyễn Thị Được</td>\r\n			<td>Bích Được</td>\r\n			<td>Diễn viên</td>\r\n		</tr>\r\n		<tr>\r\n			<td>41</td>\r\n			<td>Nguyễn Chí Đương</td>\r\n			<td>Minh Đương</td>\r\n			<td>Diễn viên</td>\r\n		</tr>\r\n		<tr>\r\n			<td>42</td>\r\n			<td><strong>Nguyễn Thị Duyên</strong></td>\r\n			<td><a href=\"https://vi.wikipedia.org/wiki/L%C6%B0%C6%A1ng_Duy%C3%AAn\" style=\"text-decoration-line: none; color: rgb(11, 0, 128); background: none;\" title=\"Lương Duyên\">Lương Duyên</a></td>\r\n			<td>Diễn viên</td>\r\n		</tr>\r\n		<tr>\r\n			<td>43</td>\r\n			<td>Nguyễn Thị Thu Hà</td>\r\n			<td>&nbsp;</td>\r\n			<td>Diễn viên</td>\r\n		</tr>\r\n		<tr>\r\n			<td>44</td>\r\n			<td>Trần Thị Thu Hà</td>\r\n			<td>&nbsp;</td>\r\n			<td>Diễn viên</td>\r\n		</tr>\r\n		<tr>\r\n			<td>45</td>\r\n			<td>Hồ Ngọc Hà</td>\r\n			<td>&nbsp;</td>\r\n			<td>Diễn viên</td>\r\n		</tr>\r\n		<tr>\r\n			<td>46</td>\r\n			<td>Phạm Thanh Hải</td>\r\n			<td>&nbsp;</td>\r\n			<td>Diễn viên</td>\r\n		</tr>\r\n		<tr>\r\n			<td>47</td>\r\n			<td>Nguyễn Văn Hải</td>\r\n			<td>Hoàng Ba</td>\r\n			<td>Đạo diễn</td>\r\n		</tr>\r\n		<tr>\r\n			<td>48</td>\r\n			<td><strong>Nguyễn Kim Hải</strong></td>\r\n			<td>Thanh Hải</td>\r\n			<td>Nhạc công</td>\r\n		</tr>\r\n		<tr>\r\n			<td>49</td>\r\n			<td>Nguyễn Thị Minh Hằng</td>\r\n			<td>&nbsp;</td>\r\n			<td>Diễn viên</td>\r\n		</tr>\r\n		<tr>\r\n			<td>50</td>\r\n			<td>Đỗ Thị Hảo</td>\r\n			<td>Phương Hảo</td>\r\n			<td>Diễn viên dạy thú</td>\r\n		</tr>\r\n		<tr>\r\n			<td>51</td>\r\n			<td>Phan Hiền</td>\r\n			<td>Cửu Vỵ</td>\r\n			<td>Nghệ nhân tuồng</td>\r\n		</tr>\r\n		<tr>\r\n			<td>52</td>\r\n			<td>Bùi Xuân Hinh</td>\r\n			<td>&nbsp;</td>\r\n			<td>Diễn viên</td>\r\n		</tr>\r\n		<tr>\r\n			<td>53</td>\r\n			<td>Nguyễn Đức Hoa</td>\r\n			<td>&nbsp;</td>\r\n			<td>Diễn viên</td>\r\n		</tr>\r\n		<tr>\r\n			<td>54</td>\r\n			<td>Lương Thị Hoàn</td>\r\n			<td>Tố Hoàn</td>\r\n			<td>Diễn viên</td>\r\n		</tr>\r\n		<tr>\r\n			<td>55</td>\r\n			<td>Tạ Thuý Hợi</td>\r\n			<td>&nbsp;</td>\r\n			<td>Diễn viên</td>\r\n		</tr>\r\n		<tr>\r\n			<td>56</td>\r\n			<td>Nguyễn Xuân Hợi</td>\r\n			<td>&nbsp;</td>\r\n			<td>Diễn viên</td>\r\n		</tr>\r\n		<tr>\r\n			<td>57</td>\r\n			<td><strong>Ca Lê Hồng</strong></td>\r\n			<td>&nbsp;</td>\r\n			<td>Đạo diễn</td>\r\n		</tr>\r\n		<tr>\r\n			<td>58</td>\r\n			<td>Vũ Ngoạn Hợp</td>\r\n			<td>&nbsp;</td>\r\n			<td>Diễn viên</td>\r\n		</tr>\r\n		<tr>\r\n			<td>59</td>\r\n			<td><strong>Bùi Thị Huệ</strong></td>\r\n			<td><a href=\"https://vi.wikipedia.org/wiki/Thanh_Kim_Hu%E1%BB%87\" style=\"text-decoration-line: none; color: rgb(11, 0, 128); background: none;\" title=\"Thanh Kim Huệ\">Thanh Kim Huệ</a></td>\r\n			<td>Diễn viên</td>\r\n		</tr>\r\n		<tr>\r\n			<td>60</td>\r\n			<td>Nguyễn Hoài Huệ</td>\r\n			<td>Hoài Huệ</td>\r\n			<td>Diễn viên</td>\r\n		</tr>\r\n		<tr>\r\n			<td>61</td>\r\n			<td>Văn Bá Hùng</td>\r\n			<td>&nbsp;</td>\r\n			<td>Nhạc công</td>\r\n		</tr>\r\n		<tr>\r\n			<td>62</td>\r\n			<td>Phan Chí Hùng</td>\r\n			<td>&nbsp;</td>\r\n			<td>Diễn viên</td>\r\n		</tr>\r\n		<tr>\r\n			<td>63</td>\r\n			<td>Trịnh Mạnh Hùng</td>\r\n			<td>&nbsp;</td>\r\n			<td>Diễn viên</td>\r\n		</tr>\r\n		<tr>\r\n			<td>64</td>\r\n			<td>Đặng Công Hưng</td>\r\n			<td>&nbsp;</td>\r\n			<td>Diễn viên</td>\r\n		</tr>\r\n		<tr>\r\n			<td>65</td>\r\n			<td>Nguyễn Ngọc Hưng</td>\r\n			<td>&nbsp;</td>\r\n			<td>Diễn viên</td>\r\n		</tr>\r\n		<tr>\r\n			<td>66</td>\r\n			<td>Nguyễn Lan Hương</td>\r\n			<td>&nbsp;</td>\r\n			<td>Diễn viên</td>\r\n		</tr>\r\n		<tr>\r\n			<td>67</td>\r\n			<td><strong>Nguyễn Văn Hương</strong></td>\r\n			<td>Bửu Truyện</td>\r\n			<td>Diễn viên</td>\r\n		</tr>\r\n		<tr>\r\n			<td>68</td>\r\n			<td>Nguyễn Lan Hương</td>\r\n			<td>&nbsp;</td>\r\n			<td>Diễn viên</td>\r\n		</tr>\r\n		<tr>\r\n			<td>69</td>\r\n			<td>Đặng Trọng Hữu</td>\r\n			<td>&nbsp;</td>\r\n			<td>Diễn viên</td>\r\n		</tr>\r\n		<tr>\r\n			<td>70</td>\r\n			<td><strong>Lê Ngọc Huyền</strong></td>\r\n			<td>&nbsp;</td>\r\n			<td>Diễn viên</td>\r\n		</tr>\r\n		<tr>\r\n			<td>71</td>\r\n			<td>Nguyễn Xuân Hỷ</td>\r\n			<td>&nbsp;</td>\r\n			<td>Diễn viên</td>\r\n		</tr>\r\n		<tr>\r\n			<td>72</td>\r\n			<td>Cao Văn Kháng</td>\r\n			<td>Cao Kháng</td>\r\n			<td>Diễn viên</td>\r\n		</tr>\r\n		<tr>\r\n			<td>73</td>\r\n			<td>Nguyễn Thị Khanh</td>\r\n			<td>Mai Khanh</td>\r\n			<td>Diễn viên</td>\r\n		</tr>\r\n		<tr>\r\n			<td>74</td>\r\n			<td>Nguyễn Mạnh Khiêm</td>\r\n			<td>&nbsp;</td>\r\n			<td>Diễn viên</td>\r\n		</tr>\r\n		<tr>\r\n			<td>75</td>\r\n			<td>Doãn Khoái</td>\r\n			<td>&nbsp;</td>\r\n			<td>Nghệ nhân tuồng</td>\r\n		</tr>\r\n		<tr>\r\n			<td>76</td>\r\n			<td>Trần Khắc Kiếm</td>\r\n			<td>&nbsp;</td>\r\n			<td>Diễn viên Kịch nói</td>\r\n		</tr>\r\n		<tr>\r\n			<td>77</td>\r\n			<td>Đào Duy Kiền</td>\r\n			<td>&nbsp;</td>\r\n			<td>Diễn viên, Nhạc trưởng</td>\r\n		</tr>\r\n		<tr>\r\n			<td>78</td>\r\n			<td><strong><a href=\"https://vi.wikipedia.org/wiki/H%E1%BB%93_Ki%E1%BB%83ng\" style=\"text-decoration-line: none; color: rgb(11, 0, 128); background: none;\" title=\"Hồ Kiểng\">Hồ Kiểng</a></strong></td>\r\n			<td>&nbsp;</td>\r\n			<td>Diễn viên</td>\r\n		</tr>\r\n		<tr>\r\n			<td>79</td>\r\n			<td>Nguyễn Thế Lâm</td>\r\n			<td>Thanh Lâm</td>\r\n			<td>Diễn viên</td>\r\n		</tr>\r\n		<tr>\r\n			<td>80</td>\r\n			<td>Nguyễn Văn Lâm</td>\r\n			<td>Ba An</td>\r\n			<td>Nghệ nhân nhạc Cải lương</td>\r\n		</tr>\r\n		<tr>\r\n			<td>81</td>\r\n			<td>Lê Thị Phương Lan</td>\r\n			<td>&nbsp;</td>\r\n			<td>Diễn viên</td>\r\n		</tr>\r\n		<tr>\r\n			<td>82</td>\r\n			<td>Lê Văn Lập</td>\r\n			<td>&nbsp;</td>\r\n			<td>Nghệ nhân tuồng</td>\r\n		</tr>\r\n		<tr>\r\n			<td>83</td>\r\n			<td>Hoàng Lê</td>\r\n			<td>&nbsp;</td>\r\n			<td>Nghệ nhân tuồng</td>\r\n		</tr>\r\n		<tr>\r\n			<td>84</td>\r\n			<td>Đào Lê</td>\r\n			<td>&nbsp;</td>\r\n			<td>Diễn viên</td>\r\n		</tr>\r\n		<tr>\r\n			<td>85</td>\r\n			<td>Nguyễn Thị Thuý Liễu</td>\r\n			<td>&nbsp;</td>\r\n			<td>Diễn viên</td>\r\n		</tr>\r\n		<tr>\r\n			<td>86</td>\r\n			<td>Hoàng Lìu</td>\r\n			<td>&nbsp;</td>\r\n			<td>Nghệ nhân Chèo</td>\r\n		</tr>\r\n		<tr>\r\n			<td>87</td>\r\n			<td>Nguyễn Kiều Loan</td>\r\n			<td>&nbsp;</td>\r\n			<td>Diễn viên</td>\r\n		</tr>\r\n		<tr>\r\n			<td>88</td>\r\n			<td>Nguyễn Thị Tú Lộc</td>\r\n			<td>&nbsp;</td>\r\n			<td>Diễn viên</td>\r\n		</tr>\r\n		<tr>\r\n			<td>89</td>\r\n			<td>Hồ Ngọc Long</td>\r\n			<td>Phi Long</td>\r\n			<td>Diễn viên</td>\r\n		</tr>\r\n		<tr>\r\n			<td>90</td>\r\n			<td>Lê Văn Long</td>\r\n			<td>Hoàng Long</td>\r\n			<td>Diễn viên</td>\r\n		</tr>\r\n		<tr>\r\n			<td>91</td>\r\n			<td>Phạm Thị Lừng</td>\r\n			<td>&nbsp;</td>\r\n			<td>Nghệ nhân Chèo</td>\r\n		</tr>\r\n		<tr>\r\n			<td>92</td>\r\n			<td>Nguyễn Trung Lương</td>\r\n			<td>&nbsp;</td>\r\n			<td>Diễn viên</td>\r\n		</tr>\r\n		<tr>\r\n			<td>93</td>\r\n			<td>Lê Văn Ly</td>\r\n			<td>&nbsp;</td>\r\n			<td>Nghệ nhân Chèo</td>\r\n		</tr>\r\n		<tr>\r\n			<td>94</td>\r\n			<td>Trần Hữu Ly</td>\r\n			<td>&nbsp;</td>\r\n			<td>Nghệ nhân nhạc Cải lương</td>\r\n		</tr>\r\n		<tr>\r\n			<td>95</td>\r\n			<td>Nguyễn Tuyết Mai</td>\r\n			<td>&nbsp;</td>\r\n			<td>Diễn viên</td>\r\n		</tr>\r\n		<tr>\r\n			<td>96</td>\r\n			<td>Võ Thị Tuyết Mai</td>\r\n			<td>&nbsp;</td>\r\n			<td>Diễn viên</td>\r\n		</tr>\r\n		<tr>\r\n			<td>97</td>\r\n			<td>Lê Thị Hồng Minh</td>\r\n			<td>&nbsp;</td>\r\n			<td>Diễn viên</td>\r\n		</tr>\r\n		<tr>\r\n			<td>98</td>\r\n			<td>Nguyễn Lan Minh</td>\r\n			<td>&nbsp;</td>\r\n			<td>Diễn viên</td>\r\n		</tr>\r\n		<tr>\r\n			<td>99</td>\r\n			<td>Nguyễn Quang Minh</td>\r\n			<td>SÁU TẤN</td>\r\n			<td>Nghệ nhân tuồng</td>\r\n		</tr>\r\n		<tr>\r\n			<td>100</td>\r\n			<td>Đỗ Thị Mùi</td>\r\n			<td>&nbsp;</td>\r\n			<td>Diễn viên</td>\r\n		</tr>\r\n		<tr>\r\n			<td>101</td>\r\n			<td>Hoàng Hữu Mười</td>\r\n			<td>&nbsp;</td>\r\n			<td>Diễn viên</td>\r\n		</tr>\r\n		<tr>\r\n			<td>102</td>\r\n			<td>Nguyễn Công Mỹ</td>\r\n			<td>&nbsp;</td>\r\n			<td>Diễn viên</td>\r\n		</tr>\r\n		<tr>\r\n			<td>103</td>\r\n			<td>Bùi Thị Thuý Nga</td>\r\n			<td>&nbsp;</td>\r\n			<td>Diễn viên</td>\r\n		</tr>\r\n		<tr>\r\n			<td>104</td>\r\n			<td>Đặng Ánh Ngà</td>\r\n			<td>&nbsp;</td>\r\n			<td>Hoạ sĩ</td>\r\n		</tr>\r\n		<tr>\r\n			<td>105</td>\r\n			<td>Ba Nghi</td>\r\n			<td>&nbsp;</td>\r\n			<td>Nghệ nhân Chèo</td>\r\n		</tr>\r\n		<tr>\r\n			<td>106</td>\r\n			<td><strong>Vũ Văn Ngoan</strong></td>\r\n			<td><a href=\"https://vi.wikipedia.org/wiki/V%C5%A9_Linh_(ngh%E1%BB%87_s%C4%A9_c%E1%BA%A3i_l%C6%B0%C6%A1ng)\" style=\"text-decoration-line: none; color: rgb(11, 0, 128); background: none;\" title=\"Vũ Linh (nghệ sĩ cải lương)\">Vũ Linh</a></td>\r\n			<td>Diễn viên</td>\r\n		</tr>\r\n		<tr>\r\n			<td>107</td>\r\n			<td>Vũ Văn Ngọc</td>\r\n			<td>&nbsp;</td>\r\n			<td>Diễn viên</td>\r\n		</tr>\r\n		<tr>\r\n			<td>108</td>\r\n			<td>Nguyễn Bích Ngọc</td>\r\n			<td>&nbsp;</td>\r\n			<td>Diễn viên</td>\r\n		</tr>\r\n		<tr>\r\n			<td>109</td>\r\n			<td><strong>Nguyễn Thị Nguyệt</strong></td>\r\n			<td>Thanh Nguyệt</td>\r\n			<td>Diễn viên</td>\r\n		</tr>\r\n		<tr>\r\n			<td>110</td>\r\n			<td>Nguyễn Thị Thanh Nhàn</td>\r\n			<td>&nbsp;</td>\r\n			<td>Diễn viên</td>\r\n		</tr>\r\n		<tr>\r\n			<td>111</td>\r\n			<td>Tạ Duy Nhẫn</td>\r\n			<td>&nbsp;</td>\r\n			<td>Diễn viên</td>\r\n		</tr>\r\n		<tr>\r\n			<td>112</td>\r\n			<td>Lê Đình Nhi</td>\r\n			<td>&nbsp;</td>\r\n			<td>Nghệ nhân tuồng</td>\r\n		</tr>\r\n		<tr>\r\n			<td>113</td>\r\n			<td>Nguyễn Thị Ninh</td>\r\n			<td>Phi Ninh</td>\r\n			<td>Diễn viên</td>\r\n		</tr>\r\n		<tr>\r\n			<td>114</td>\r\n			<td>Lâm Chấn Oai</td>\r\n			<td>Tất Tô Hà</td>\r\n			<td>Diễn viên</td>\r\n		</tr>\r\n		<tr>\r\n			<td>115</td>\r\n			<td>Vũ Văn Phơ</td>\r\n			<td>Vũ Phương</td>\r\n			<td>Diễn viên</td>\r\n		</tr>\r\n		<tr>\r\n			<td>116</td>\r\n			<td>Đinh Mạnh Phóng</td>\r\n			<td>&nbsp;</td>\r\n			<td>Diễn viên</td>\r\n		</tr>\r\n		<tr>\r\n			<td>117</td>\r\n			<td>Nguyễn Thị Phòng</td>\r\n			<td>Thu Phòng</td>\r\n			<td>Diễn viên</td>\r\n		</tr>\r\n		<tr>\r\n			<td>118</td>\r\n			<td><strong>Tô Văn Quang</strong></td>\r\n			<td>Phương Quang</td>\r\n			<td>Diễn viên</td>\r\n		</tr>\r\n		<tr>\r\n			<td>119</td>\r\n			<td>Nguyễn Phú Quang</td>\r\n			<td>&nbsp;</td>\r\n			<td>Nghệ nhân Chèo</td>\r\n		</tr>\r\n		<tr>\r\n			<td>120</td>\r\n			<td>Chử Ngọc Quỳ</td>\r\n			<td>Chu Quỳ</td>\r\n			<td>Diễn viên Kịch</td>\r\n		</tr>\r\n		<tr>\r\n			<td>121</td>\r\n			<td>Nguyễn Ngọc Quyền</td>\r\n			<td>&nbsp;</td>\r\n			<td>Diễn viên</td>\r\n		</tr>\r\n		<tr>\r\n			<td>122</td>\r\n			<td>Phạm Ngọc Quỳnh</td>\r\n			<td>&nbsp;</td>\r\n			<td>Diễn viên</td>\r\n		</tr>\r\n		<tr>\r\n			<td>123</td>\r\n			<td>Huỳnh Bửu Sang</td>\r\n			<td>Bửu Nga</td>\r\n			<td>Diễn viên</td>\r\n		</tr>\r\n		<tr>\r\n			<td>124</td>\r\n			<td>Trần Văn Sáu</td>\r\n			<td>Văn Sỹ</td>\r\n			<td>Diễn viên</td>\r\n		</tr>\r\n		<tr>\r\n			<td>125</td>\r\n			<td>Nguyễn Siểng</td>\r\n			<td>Tư Cả</td>\r\n			<td>Nghệ nhân Tuồng</td>\r\n		</tr>\r\n		<tr>\r\n			<td>126</td>\r\n			<td>Trần Văn Sinh</td>\r\n			<td>Hai Sinh</td>\r\n			<td>Nghệ nhân Chèo</td>\r\n		</tr>\r\n		<tr>\r\n			<td>127</td>\r\n			<td>Bùi Huy Soái</td>\r\n			<td>&nbsp;</td>\r\n			<td>Diễn viên</td>\r\n		</tr>\r\n		<tr>\r\n			<td>128</td>\r\n			<td>Đỗ Thượng Sơn</td>\r\n			<td>Minh Sang</td>\r\n			<td>Diễn viên</td>\r\n		</tr>\r\n		<tr>\r\n			<td>129</td>\r\n			<td>Bùi Đắc Sừ</td>\r\n			<td>&nbsp;</td>\r\n			<td>Đạo diễn</td>\r\n		</tr>\r\n		<tr>\r\n			<td>130</td>\r\n			<td>Nguyễn Thị Sự</td>\r\n			<td>&nbsp;</td>\r\n			<td>Diễn viên</td>\r\n		</tr>\r\n		<tr>\r\n			<td>131</td>\r\n			<td>Nguyễn Thị Tâm</td>\r\n			<td>Thanh Tâm</td>\r\n			<td>Diễn viên</td>\r\n		</tr>\r\n		<tr>\r\n			<td>132</td>\r\n			<td>Hoàng Minh Tâm</td>\r\n			<td>&nbsp;</td>\r\n			<td>Diễn viên</td>\r\n		</tr>\r\n		<tr>\r\n			<td>133</td>\r\n			<td>Phạm Huy Tầm</td>\r\n			<td>&nbsp;</td>\r\n			<td>Diễn viên</td>\r\n		</tr>\r\n		<tr>\r\n			<td>134</td>\r\n			<td>Nguyễn Xuân Tạo</td>\r\n			<td>&nbsp;</td>\r\n			<td>Diễn viên</td>\r\n		</tr>\r\n		<tr>\r\n			<td>135</td>\r\n			<td>Nguyễn Bằng Thái</td>\r\n			<td>&nbsp;</td>\r\n			<td>Diễn viên</td>\r\n		</tr>\r\n		<tr>\r\n			<td>136</td>\r\n			<td><strong>Nguyễn Thị Thanh Thanh</strong></td>\r\n			<td><a href=\"https://vi.wikipedia.org/wiki/Thanh_Thanh_T%C3%A2m\" style=\"text-decoration-line: none; color: rgb(11, 0, 128); background: none;\" title=\"Thanh Thanh Tâm\">Thanh Thanh Tâm</a></td>\r\n			<td>Diễn viên cải lương</td>\r\n		</tr>\r\n		<tr>\r\n			<td>137</td>\r\n			<td>Nguyễn Công Thành</td>\r\n			<td>Hoàng Huệ</td>\r\n			<td>Nhạc công</td>\r\n		</tr>\r\n		<tr>\r\n			<td>138</td>\r\n			<td>Nguyễn Minh Thành</td>\r\n			<td>&nbsp;</td>\r\n			<td>Diễn viên</td>\r\n		</tr>\r\n		<tr>\r\n			<td>139</td>\r\n			<td>Nguyễn Văn Thành</td>\r\n			<td>&nbsp;</td>\r\n			<td>Nghệ nhân tuồng</td>\r\n		</tr>\r\n		<tr>\r\n			<td>140</td>\r\n			<td>Nguyễn Thảo</td>\r\n			<td>&nbsp;</td>\r\n			<td>Diễn viên</td>\r\n		</tr>\r\n		<tr>\r\n			<td>141</td>\r\n			<td>Hồ Ngọc Tháp</td>\r\n			<td>&nbsp;</td>\r\n			<td>Diễn viên</td>\r\n		</tr>\r\n		<tr>\r\n			<td>142</td>\r\n			<td>Vũ Đình Thịnh</td>\r\n			<td>&nbsp;</td>\r\n			<td>Họa sĩ tạo hình rối</td>\r\n		</tr>\r\n		<tr>\r\n			<td>143</td>\r\n			<td>Nguyễn Duy Thỏ</td>\r\n			<td>Hải Điệp</td>\r\n			<td>Diễn viên</td>\r\n		</tr>\r\n		<tr>\r\n			<td>144</td>\r\n			<td>Nguyễn Thị Thông</td>\r\n			<td>&nbsp;</td>\r\n			<td>Diễn viên</td>\r\n		</tr>\r\n		<tr>\r\n			<td>145</td>\r\n			<td>Trần Văn Thông</td>\r\n			<td>&nbsp;</td>\r\n			<td>Diễn viên</td>\r\n		</tr>\r\n		<tr>\r\n			<td>146</td>\r\n			<td>Linh Thị Bích Thu</td>\r\n			<td>&nbsp;</td>\r\n			<td>Diễn viên</td>\r\n		</tr>\r\n		<tr>\r\n			<td>147</td>\r\n			<td>Nguyễn Thị Minh Thu</td>\r\n			<td>&nbsp;</td>\r\n			<td>Diễn viên</td>\r\n		</tr>\r\n		<tr>\r\n			<td>148</td>\r\n			<td>Hồ Thị Lệ Thu</td>\r\n			<td>&nbsp;</td>\r\n			<td>Diễn viên</td>\r\n		</tr>\r\n		<tr>\r\n			<td>149</td>\r\n			<td>Nguyễn Kim Thư</td>\r\n			<td>&nbsp;</td>\r\n			<td>Diễn viên</td>\r\n		</tr>\r\n		<tr>\r\n			<td>150</td>\r\n			<td>Phạm Xuân Thư</td>\r\n			<td>&nbsp;</td>\r\n			<td>Nghệ nhân xiếc</td>\r\n		</tr>\r\n		<tr>\r\n			<td>151</td>\r\n			<td>Nguyễn Văn Tiến</td>\r\n			<td>&nbsp;</td>\r\n			<td>Diễn viên</td>\r\n		</tr>\r\n		<tr>\r\n			<td>152</td>\r\n			<td>Nguyễn Thị Hồng Tính</td>\r\n			<td>&nbsp;</td>\r\n			<td>Diễn viên</td>\r\n		</tr>\r\n		<tr>\r\n			<td>153</td>\r\n			<td>Đoàn Thị Tình</td>\r\n			<td>&nbsp;</td>\r\n			<td>Hoạ sĩ</td>\r\n		</tr>\r\n		<tr>\r\n			<td>154</td>\r\n			<td>Phan Thị Tỉnh</td>\r\n			<td>&nbsp;</td>\r\n			<td>Diễn viên</td>\r\n		</tr>\r\n		<tr>\r\n			<td>155</td>\r\n			<td>Nguyễn Minh Trị</td>\r\n			<td>&nbsp;</td>\r\n			<td>Diễn viên, Đạo diễn</td>\r\n		</tr>\r\n		<tr>\r\n			<td>156</td>\r\n			<td>Phạm Hoàng Trinh</td>\r\n			<td>&nbsp;</td>\r\n			<td>Nghệ nhân tuồng</td>\r\n		</tr>\r\n		<tr>\r\n			<td>157</td>\r\n			<td>Trần Long Trọng</td>\r\n			<td>&nbsp;</td>\r\n			<td>Nghệ nhân Tuồng</td>\r\n		</tr>\r\n		<tr>\r\n			<td>158</td>\r\n			<td>Nguyễn Ngọc Trúc</td>\r\n			<td>&nbsp;</td>\r\n			<td>Diễn viên</td>\r\n		</tr>\r\n		<tr>\r\n			<td>159</td>\r\n			<td><strong>Phạm Chí Trung</strong></td>\r\n			<td><a href=\"https://vi.wikipedia.org/wiki/Ch%C3%AD_Trung\" style=\"text-decoration-line: none; color: rgb(11, 0, 128); background: none;\" title=\"Chí Trung\">Chí Trung</a></td>\r\n			<td>Diễn viên</td>\r\n		</tr>\r\n		<tr>\r\n			<td>160</td>\r\n			<td><strong>Phan Đắc Trưởng</strong></td>\r\n			<td>Phan Phan</td>\r\n			<td>Hoạ sĩ</td>\r\n		</tr>\r\n		<tr>\r\n			<td>161</td>\r\n			<td>Trương Văn Tư</td>\r\n			<td>Ba Tư</td>\r\n			<td>Nhạc công</td>\r\n		</tr>\r\n		<tr>\r\n			<td>162</td>\r\n			<td>Nguyễn Thị An Tư</td>\r\n			<td>&nbsp;</td>\r\n			<td>Diễn viên</td>\r\n		</tr>\r\n		<tr>\r\n			<td>163</td>\r\n			<td>Mai Văn Tư</td>\r\n			<td>Mai Tư</td>\r\n			<td>&nbsp;</td>\r\n		</tr>\r\n		<tr>\r\n			<td>164</td>\r\n			<td>Phạm Tuất</td>\r\n			<td>&nbsp;</td>\r\n			<td>Nghệ nhân Tuồng</td>\r\n		</tr>\r\n		<tr>\r\n			<td>165</td>\r\n			<td>Trần Tùng</td>\r\n			<td>&nbsp;</td>\r\n			<td>Nghệ nhân tuồng</td>\r\n		</tr>\r\n		<tr>\r\n			<td>166</td>\r\n			<td>Đỗ Văn Tùng</td>\r\n			<td>Đỗ Tùng</td>\r\n			<td>Đạo diễn</td>\r\n		</tr>\r\n		<tr>\r\n			<td>167</td>\r\n			<td>Trần Bá Tường</td>\r\n			<td>Trần Tường</td>\r\n			<td>Diễn viên</td>\r\n		</tr>\r\n		<tr>\r\n			<td>168</td>\r\n			<td>Nguyễn Trình Tường</td>\r\n			<td>Nam Cường</td>\r\n			<td>Diễn viên</td>\r\n		</tr>\r\n		<tr>\r\n			<td>169</td>\r\n			<td>Nguyễn Văn Tuy</td>\r\n			<td>&nbsp;</td>\r\n			<td>Nghệ nhân tuồng</td>\r\n		</tr>\r\n		<tr>\r\n			<td>170</td>\r\n			<td>Vũ Thị Tý</td>\r\n			<td>&nbsp;</td>\r\n			<td>Diễn viên Chèo</td>\r\n		</tr>\r\n		<tr>\r\n			<td>171</td>\r\n			<td>Nguyễn Thị Vân</td>\r\n			<td>&nbsp;</td>\r\n			<td>Diễn viên</td>\r\n		</tr>\r\n		<tr>\r\n			<td>172</td>\r\n			<td><strong>Hoàng Tường Vân</strong></td>\r\n			<td>&nbsp;</td>\r\n			<td>Diễn viên</td>\r\n		</tr>\r\n		<tr>\r\n			<td>173</td>\r\n			<td>Nguyễn Thị Khánh Vân</td>\r\n			<td>&nbsp;</td>\r\n			<td>Diễn viên</td>\r\n		</tr>\r\n		<tr>\r\n			<td>174</td>\r\n			<td>Tống Văn Vàng</td>\r\n			<td>Mười Vàng</td>\r\n			<td>Diễn viên</td>\r\n		</tr>\r\n		<tr>\r\n			<td>175</td>\r\n			<td>Võ Hữu Vĩnh</td>\r\n			<td>Năm Vĩnh</td>\r\n			<td>Nhạc công</td>\r\n		</tr>\r\n		<tr>\r\n			<td>176</td>\r\n			<td>Thạch Vông</td>\r\n			<td>&nbsp;</td>\r\n			<td>Diễn viên</td>\r\n		</tr>\r\n		<tr>\r\n			<td>177</td>\r\n			<td>Nguyễn Xuân Vũ</td>\r\n			<td>&nbsp;</td>\r\n			<td>Diễn viên</td>\r\n		</tr>\r\n		<tr>\r\n			<td>178</td>\r\n			<td>Lê Xuân Vượng</td>\r\n			<td>&nbsp;</td>\r\n			<td>Diễn viên</td>\r\n		</tr>\r\n		<tr>\r\n			<td>179</td>\r\n			<td>Nguyễn Xúy</td>\r\n			<td>Nam Hùng</td>\r\n			<td>Diễn viên</td>\r\n		</tr>\r\n		<tr>\r\n			<td>180</td>\r\n			<td>Trần Thanh Xuyên</td>\r\n			<td>Linh Xuyên</td>\r\n			<td>Diễn viên</td>\r\n		</tr>\r\n		<tr>\r\n			<td>181</td>\r\n			<td>Bùi Hoàng Yến</td>\r\n			<td>&nbsp;</td>\r\n			<td>Diễn viên Kịch</td>\r\n		</tr>\r\n		<tr>\r\n			<td>182</td>\r\n			<td>Nguyễn Ngọc Yến</td>\r\n			<td>&nbsp;</td>\r\n			<td>Diễn viên</td>\r\n		</tr>\r\n		<tr>\r\n			<td>183</td>\r\n			<td>Vũ Thị Yểng</td>\r\n			<td>Kim Yến</td>\r\n			<td>Đạo diễn<br />\r\n			&nbsp;</td>\r\n		</tr>\r\n	</tbody>\r\n</table>', 'uSinVS7lYS-5.jpeg', 1, 0, 16, '2019-12-04 11:28:20', '2019-12-07 08:06:04');
INSERT INTO `tintuc` (`id`, `TieuDe`, `TieuDeKhongDau`, `TomTat`, `NoiDung`, `Hinh`, `NoiBat`, `SoLuotXem`, `idLoaiTin`, `created_at`, `updated_at`) VALUES
(1006, 'dsdasdasdas', 'dsdasdasdas', 'gfvfgvfdvdfvdf', '<p>cdsssdcdscdsc</p>', 'asSen0clRh-media4.jpeg', 1, 0, 4, '2019-12-07 04:57:57', '2019-12-07 04:57:57'),
(1007, 'Bất động sản', 'bat-dong-san', 'Halo đây là bất động sản tin', '<p>Bạn muốn mua đất không, hay mua nhà chẳng hạn.</p>', 'sIfzTyeG3M-media3.jpeg', 1, 0, 10, '2019-12-07 05:00:10', '2019-12-07 05:00:10'),
(1008, 'Thử nghiệm 2', 'thu-nghiem-2', 'Đây là thử nghiệm 2 ', '<p>Halo thử nghiệm nè!</p>', 'asSen0clRh-media4.jpeg', 1, 0, 5, '2019-12-04 07:27:49', '2019-12-05 08:02:07'),
(1009, 'Thử nghiệm 2', 'thu-nghiem-2', 'Đây là thử nghiệm 2 ', '<p>Halo thử nghiệm nè!</p>', 'asSen0clRh-media4.jpeg', 1, 0, 5, '2019-12-04 07:27:49', '2019-12-05 08:02:07'),
(1010, 'Thử nghiệm 2', 'thu-nghiem-2', 'Đây là thử nghiệm 2 ', '<p>Halo thử nghiệm nè!</p>', 'asSen0clRh-media4.jpeg', 1, 0, 5, '2019-12-04 07:27:49', '2019-12-05 08:02:07'),
(1011, 'Thử nghiệm 2', 'thu-nghiem-2', 'Đây là thử nghiệm 2 ', '<p>Halo thử nghiệm nè!</p>', 'asSen0clRh-media4.jpeg', 1, 0, 5, '2019-12-04 07:27:49', '2019-12-05 08:02:07'),
(1012, 'Bất động sản', 'bat-dong-san', 'Halo đây là bất động sản tin', '<p>Bạn muốn mua đất không, hay mua nhà chẳng hạn.</p>', 'sIfzTyeG3M-media3.jpeg', 1, 0, 10, '2019-12-07 05:00:10', '2019-12-07 05:00:10'),
(1013, 'Thử nghiệm 2', 'thu-nghiem-2', 'Đây là thử nghiệm 2 ', '<p>Halo thử nghiệm nè!</p>', 'asSen0clRh-media4.jpeg', 1, 0, 5, '2019-12-04 07:27:49', '2019-12-05 08:02:07'),
(1014, 'Thử nghiệm 2', 'thu-nghiem-2', 'Đây là thử nghiệm 2 ', '<p>Halo thử nghiệm nè!</p>', 'asSen0clRh-media4.jpeg', 1, 0, 5, '2019-12-04 07:27:49', '2019-12-05 08:02:07');

-- --------------------------------------------------------

--
-- Cấu trúc bảng cho bảng `users`
--

CREATE TABLE `users` (
  `id` int(10) UNSIGNED NOT NULL,
  `name` varchar(255) COLLATE utf8_unicode_ci NOT NULL,
  `email` varchar(255) COLLATE utf8_unicode_ci NOT NULL,
  `quyen` int(11) NOT NULL DEFAULT 0,
  `password` varchar(255) COLLATE utf8_unicode_ci NOT NULL,
  `remember_token` varchar(100) COLLATE utf8_unicode_ci DEFAULT NULL,
  `created_at` timestamp NULL DEFAULT NULL,
  `updated_at` timestamp NULL DEFAULT NULL
) ENGINE=InnoDB DEFAULT CHARSET=utf8 COLLATE=utf8_unicode_ci;

--
-- Đang đổ dữ liệu cho bảng `users`
--

INSERT INTO `users` (`id`, `name`, `email`, `quyen`, `password`, `remember_token`, `created_at`, `updated_at`) VALUES
(1, 'Admin name', 'admin@gmail.com', 0, '$2y$10$oH/TL6.p5phm8gWQcsPZOOgk4V6nbdTuyAnK85Rdp2lZmQVtOn6DS', 'zxv9RgpOewaOMGinhGLKzpHvzh7A142oD3ni4MHkgDhuIulk7TZ1ZCw7yzCj', '2016-06-09 03:05:09', '2019-12-07 11:25:26'),
(11, 'Việt Nam', 'test@gmail.com', 0, '$2y$10$cLQlDeEIqNutBfO2/ZVOJuAidD.FWn4uDDwQ9AiKhcUMWx2bY.2wK', NULL, '2019-12-07 11:42:38', '2019-12-07 11:42:38');

--
-- Chỉ mục cho các bảng đã đổ
--

--
-- Chỉ mục cho bảng `comment`
--
ALTER TABLE `comment`
  ADD PRIMARY KEY (`id`),
  ADD KEY `comment_iduser_foreign` (`idUser`),
  ADD KEY `comment_idtintuc_foreign` (`idTinTuc`);

--
-- Chỉ mục cho bảng `failed_jobs`
--
ALTER TABLE `failed_jobs`
  ADD PRIMARY KEY (`id`);

--
-- Chỉ mục cho bảng `loaitin`
--
ALTER TABLE `loaitin`
  ADD PRIMARY KEY (`id`),
  ADD KEY `loaitin_idtheloai_foreign` (`idTheLoai`);

--
-- Chỉ mục cho bảng `password_resets`
--
ALTER TABLE `password_resets`
  ADD KEY `password_resets_email_index` (`email`),
  ADD KEY `password_resets_token_index` (`token`);

--
-- Chỉ mục cho bảng `slide`
--
ALTER TABLE `slide`
  ADD PRIMARY KEY (`id`);

--
-- Chỉ mục cho bảng `theloai`
--
ALTER TABLE `theloai`
  ADD PRIMARY KEY (`id`);

--
-- Chỉ mục cho bảng `tintuc`
--
ALTER TABLE `tintuc`
  ADD PRIMARY KEY (`id`),
  ADD KEY `tintuc_idloaitin_foreign` (`idLoaiTin`);

--
-- Chỉ mục cho bảng `users`
--
ALTER TABLE `users`
  ADD PRIMARY KEY (`id`),
  ADD UNIQUE KEY `users_email_unique` (`email`);

--
-- AUTO_INCREMENT cho các bảng đã đổ
--

--
-- AUTO_INCREMENT cho bảng `comment`
--
ALTER TABLE `comment`
  MODIFY `id` int(10) UNSIGNED NOT NULL AUTO_INCREMENT, AUTO_INCREMENT=109;

--
-- AUTO_INCREMENT cho bảng `failed_jobs`
--
ALTER TABLE `failed_jobs`
  MODIFY `id` bigint(20) UNSIGNED NOT NULL AUTO_INCREMENT;

--
-- AUTO_INCREMENT cho bảng `loaitin`
--
ALTER TABLE `loaitin`
  MODIFY `id` int(10) UNSIGNED NOT NULL AUTO_INCREMENT, AUTO_INCREMENT=32;

--
-- AUTO_INCREMENT cho bảng `slide`
--
ALTER TABLE `slide`
  MODIFY `id` int(10) UNSIGNED NOT NULL AUTO_INCREMENT, AUTO_INCREMENT=12;

--
-- AUTO_INCREMENT cho bảng `theloai`
--
ALTER TABLE `theloai`
  MODIFY `id` int(10) UNSIGNED NOT NULL AUTO_INCREMENT, AUTO_INCREMENT=16;

--
-- AUTO_INCREMENT cho bảng `tintuc`
--
ALTER TABLE `tintuc`
  MODIFY `id` int(10) UNSIGNED NOT NULL AUTO_INCREMENT, AUTO_INCREMENT=1015;

--
-- AUTO_INCREMENT cho bảng `users`
--
ALTER TABLE `users`
  MODIFY `id` int(10) UNSIGNED NOT NULL AUTO_INCREMENT, AUTO_INCREMENT=14;

--
-- Các ràng buộc cho các bảng đã đổ
--

--
-- Các ràng buộc cho bảng `comment`
--
ALTER TABLE `comment`
  ADD CONSTRAINT `comment_idtintuc_foreign` FOREIGN KEY (`idTinTuc`) REFERENCES `tintuc` (`id`),
  ADD CONSTRAINT `comment_iduser_foreign` FOREIGN KEY (`idUser`) REFERENCES `users` (`id`);

--
-- Các ràng buộc cho bảng `loaitin`
--
ALTER TABLE `loaitin`
  ADD CONSTRAINT `loaitin_idtheloai_foreign` FOREIGN KEY (`idTheLoai`) REFERENCES `theloai` (`id`);

--
-- Các ràng buộc cho bảng `tintuc`
--
ALTER TABLE `tintuc`
  ADD CONSTRAINT `tintuc_idloaitin_foreign` FOREIGN KEY (`idLoaiTin`) REFERENCES `loaitin` (`id`);
COMMIT;

/*!40101 SET CHARACTER_SET_CLIENT=@OLD_CHARACTER_SET_CLIENT */;
/*!40101 SET CHARACTER_SET_RESULTS=@OLD_CHARACTER_SET_RESULTS */;
/*!40101 SET COLLATION_CONNECTION=@OLD_COLLATION_CONNECTION */;
